pair_id,claim,CS_gen,CS_ed,generation_strategy,target,antistereotype_id,fc_article_id,annotator_type,fc_article_url,antistereotype_url,antistereotype_location,HTER
2483,50£ billion a year towards the disabled?! Why should we waste our money on disabled people? They get too many benefits as it is!,"Investing in accessibility and support for individuals with disabilities is not a waste; it enriches our communities by allowing everyone to contribute their unique talents and perspectives. Many people with disabilities lead independent, fulfilling lives, demonstrating that they are valuable members of society who can thrive with the right support and opportunities.","Investing in accessibility and support for individuals with disabilities is not a waste; instead, it benefits our communities by allowing them to contribute with their unique talents and perspectives. Many people with disabilities lead independent, fulfilling lives, proving that they are valuable members of society who can thrive with the right support and opportunities.",NGO,people with disabilities,"[258, 261, 262, 263, 266, 268, 269, 270]",,NGO,,"['https://simpl4all.eu/news/embracing-diversity-challenging-stereotypes-of-people-with-disabilities-and-learning-difficulties/#:~:text=People%20with%20disabilities%20lack%20independence,disabilities%20lead%20fulfilling%2C%20independent%20lives.', 'https://simpl4all.eu/news/embracing-diversity-challenging-stereotypes-of-people-with-disabilities-and-learning-difficulties/#:~:text=People%20with%20disabilities%20lack%20independence,disabilities%20lead%20fulfilling%2C%20independent%20lives.', 'https://www.unh.edu/diversity-inclusion/accessible/disability-101/misconceptions-about-disability#:~:text=Misconception%201%3A%20Disability%20means%20inability&text=People%20with%20disabilities%20can%20and,and%20thriving%20in%20higher%20education.', 'https://www.unh.edu/diversity-inclusion/accessible/disability-101/misconceptions-about-disability#:~:text=Misconception%201%3A%20Disability%20means%20inability&text=People%20with%20disabilities%20can%20and,and%20thriving%20in%20higher%20education.', 'https://www.unh.edu/diversity-inclusion/accessible/disability-101/misconceptions-about-disability#:~:text=Misconception%201%3A%20Disability%20means%20inability&text=People%20with%20disabilities%20can%20and,and%20thriving%20in%20higher%20education.', 'https://cpdonline.co.uk/knowledge-base/care/addressing-myths-misconceptions-about-disability', 'https://cpdonline.co.uk/knowledge-base/care/addressing-myths-misconceptions-about-disability', 'https://cpdonline.co.uk/knowledge-base/care/addressing-myths-misconceptions-about-disability']","['1', '4', '1', '2', '5', '2', '3', '4']",0.096
2492,50£ billion a year towards the disabled?! Why should we waste our money on disabled people? They get too many benefits as it is!,"The notion that supporting disabled individuals is a waste of money overlooks the fact that £50 billion includes a range of benefits, many of which are essential for maintaining their independence and quality of life, rather than merely handouts. Additionally, people with disabilities contribute to society in numerous ways, showcasing their abilities and enriching our communities, thereby proving that they are far from a burden.","The idea that supporting people with disabilities is a waste of money overlooks the fact that £50 billion includes a range of benefits that are essential for maintaining their independence and quality of life, like housing benefit and income support. Additionally, people with disabilities do not only take handouts, but they contribute to society in numerous ways, showcasing their abilities and enriching our communities, thereby proving that they are far from a burden.",NGO + Fact-Checkers,people with disabilities,"[258, 261, 262, 263, 266, 268, 269, 270]",7692.0,NGO,https://fullfact.org/economy/does-government-spend-50-billion-year-disabled-people/,"['https://simpl4all.eu/news/embracing-diversity-challenging-stereotypes-of-people-with-disabilities-and-learning-difficulties/#:~:text=People%20with%20disabilities%20lack%20independence,disabilities%20lead%20fulfilling%2C%20independent%20lives.', 'https://simpl4all.eu/news/embracing-diversity-challenging-stereotypes-of-people-with-disabilities-and-learning-difficulties/#:~:text=People%20with%20disabilities%20lack%20independence,disabilities%20lead%20fulfilling%2C%20independent%20lives.', 'https://www.unh.edu/diversity-inclusion/accessible/disability-101/misconceptions-about-disability#:~:text=Misconception%201%3A%20Disability%20means%20inability&text=People%20with%20disabilities%20can%20and,and%20thriving%20in%20higher%20education.', 'https://www.unh.edu/diversity-inclusion/accessible/disability-101/misconceptions-about-disability#:~:text=Misconception%201%3A%20Disability%20means%20inability&text=People%20with%20disabilities%20can%20and,and%20thriving%20in%20higher%20education.', 'https://www.unh.edu/diversity-inclusion/accessible/disability-101/misconceptions-about-disability#:~:text=Misconception%201%3A%20Disability%20means%20inability&text=People%20with%20disabilities%20can%20and,and%20thriving%20in%20higher%20education.', 'https://cpdonline.co.uk/knowledge-base/care/addressing-myths-misconceptions-about-disability', 'https://cpdonline.co.uk/knowledge-base/care/addressing-myths-misconceptions-about-disability', 'https://cpdonline.co.uk/knowledge-base/care/addressing-myths-misconceptions-about-disability']","['1', '4', '1', '2', '5', '2', '3', '4']",0.323
2444,50£ billion a year towards the disabled?! Why should we waste our money on disabled people? They get too many benefits as it is!,"The government allocates around £50 billion annually to benefits for disabled individuals and those with health conditions, which encompasses a variety of supports beyond just disability benefits, such as housing assistance and income support. This expenditure represents a modest portion of the total government spending, approximately 6.4%, and is essential for ensuring that vulnerable members of society receive the necessary support to lead dignified lives.","The government allocates around £50 billion annually to benefits for disabled individuals and those with health conditions, which encompasses a variety of supports beyond just disability benefits, such as housing assistance and income support. This expenditure represents a modest portion of the total government spending, approximately 6.4%, and is essential for ensuring that vulnerable members of society receive the necessary support to lead dignified lives.",Fact-Checkers,people with disabilities,,7692.0,FC,https://fullfact.org/economy/does-government-spend-50-billion-year-disabled-people/,,,0.0
2238,"Did I hear correctly? California is forcing schools to show kids gay sex? That's disgusting and dangerous, it will deviate their mind!","California is not forcing schools to show kids gay sex; rather, it mandates that history curricula include the contributions of LGBT individuals, enhancing students' understanding of diverse American history. This law does not require the use of explicit material or pornography, and schools have the option to choose how they comply with this inclusive educational standard.","California is not forcing schools to show kids gay sex; rather, it mandates that history curricula include the contributions of LGBT individuals, enhancing students' understanding of diverse American history. Nowhere in the law does it mandate the use of gay pornography and schools have the option to use or not the new books that include “a more complete picture of the accomplishments and challenges faced by LGBT individuals in American history and culture"", as long as they comply with the law. ",Fact-Checkers,LGBTQIA+ community,,2386.0,FC,https://www.factcheck.org/2018/08/bogus-claim-about-lgbt-history-lessons/,,,0.732
2143,"Did I hear correctly? California is forcing schools to show kids gay sex? That's disgusting and dangerous, it will deviate their mind!","It's important to clarify that California is not forcing schools to show children explicit content about sexuality; rather, the state law mandates that history curricula include the contributions of LGBTQ+ individuals, which provides a more inclusive understanding of history. Furthermore, learning about LGBTQ+ history does not harm children; evidence shows that exposure to diverse perspectives fosters understanding and respect, not deviance.","It's important to clarify that California is not forcing schools to show children explicit content about sexuality. It started with a notoriously unreliable ; rather, the state law mandates that history curricula include the contributions of LGBTQ+ individuals, which provides a more inclusive understanding of history. Furthermore, learning about LGBTQ+ history does not harm children; evidence shows that exposure to diverse perspectives fosters understanding and respect, not deviance.",NGO + Fact-Checkers,LGBTQIA+ community,"[196, 197, 203, 204]",2386.0,FC,https://www.factcheck.org/2018/08/bogus-claim-about-lgbt-history-lessons/,"['https://www.pgaction.org/inclusion/pdf/myths-v-realities.pdf', 'https://www.pgaction.org/inclusion/pdf/myths-v-realities.pdf', 'https://www.pgaction.org/inclusion/pdf/myths-v-realities.pdf', 'https://www.pgaction.org/inclusion/pdf/myths-v-realities.pdf']","['4', '5', '14', '15']",0.131
1922,"Did I hear correctly? California is forcing schools to show kids gay sex? That's disgusting and dangerous, it will deviate their mind!","It's important to clarify that educational programs aimed at inclusivity do not involve forcing explicit content on children; rather, they promote understanding and respect for all individuals, regardless of their sexual orientation. Research consistently shows that exposure to diverse perspectives, including those of LGBTI individuals, does not harm children but rather fosters a more accepting and compassionate society.","It's important to clarify that educational programs aimed at inclusivity do not involve forcing explicit content on children; rather, they promote understanding and respect for all individuals, regardless of their sexual orientation. Research consistently shows that exposure to diverse perspectives, including those of LGBTI individuals, does not harm children but rather fosters a more accepting and compassionate society.",NGO,LGBTQIA+ community,"[196, 197, 203, 204]",,NGO,,"['https://www.pgaction.org/inclusion/pdf/myths-v-realities.pdf', 'https://www.pgaction.org/inclusion/pdf/myths-v-realities.pdf', 'https://www.pgaction.org/inclusion/pdf/myths-v-realities.pdf', 'https://www.pgaction.org/inclusion/pdf/myths-v-realities.pdf']","['4', '5', '14', '15']",0.0
2664,"Did you hear about that $2.5 billion being spent on a welcoming center for illegal immigrants? That's ridiculous! Our taxes should go to Americans, not criminals!","It's important to clarify that the claim about $2.5 billion being spent on a welcoming center for illegal immigrants is false; the actual funding is allocated for vital infrastructure improvements at land ports of entry, which benefit everyone by promoting efficient trade and safety. Moreover, immigrants and refugees contribute significantly to our economy by filling essential roles and paying more in taxes than they receive in support, ultimately strengthening our communities and workforce.","It's important to clarify that the claim about $2.5 billion being spent on a welcoming center for illegal immigrants is false; the actual funding is allocated for vital infrastructure improvements at land ports of entry, which benefit everyone by promoting efficient trade and safety. Moreover, immigrants and refugees contribute significantly to our economy by filling essential roles and paying more in taxes than they receive in support, ultimately strengthening our communities and workforce.",NGO + Fact-Checkers,migrants,"[39, 91, 93]",647.0,NGO,https://apnews.com/article/fact-checking-768156270632,"['https://worldrelief.org/blog-immigration-myths/', 'https://iine.org/2024/04/dispelling-10-common-myths-about-immigrants-and-refugees/', 'https://iine.org/2024/04/dispelling-10-common-myths-about-immigrants-and-refugees/']","['1', '3', '6']",0.0
2151,"Did you hear about that $2.5 billion being spent on a welcoming center for illegal immigrants? That's ridiculous! Our taxes should go to Americans, not criminals!","The claim that $2.5 billion of American tax dollars is being spent on a welcoming center for illegal immigrants is false; there is no evidence supporting such an allocation. The funding in question is actually part of a $3.4 billion budget for border stations and land ports of entry, which does not include any projects for a ""welcoming center.""","The claim that $2.5 billion of American tax dollars is being spent on a welcoming center for illegal immigrants is false; there is no evidence supporting such an allocation. The funding in question is actually part of a $3.4 billion budget for border stations and land ports of entry, which does not include any projects for a ""welcoming center.""",Fact-Checkers,migrants,,647.0,FC,https://apnews.com/article/fact-checking-768156270632,,,0.0
2621,"Did you hear about that $2.5 billion being spent on a welcoming center for illegal immigrants? That's ridiculous! Our taxes should go to Americans, not criminals!","It's important to recognize that immigrants, including those seeking refuge, actually make significant contributions to our economy by filling essential jobs and paying taxes, far outweighing the initial support they receive. Rather than seeing them as a drain, we should appreciate the vital role they play in strengthening our workforce and communities, helping to drive innovation and economic growth.","It's important to recognize that immigrants, including those seeking refuge, actually make significant contributions to our economy by filling essential jobs and paying taxes, far outweighing the initial support they receive. Rather than seeing them as a drain, we should appreciate the vital role they play in strengthening our workforce and communities, helping to drive innovation and economic growth.",NGO,migrants,"[39, 91, 93]",,NGO,,"['https://worldrelief.org/blog-immigration-myths/', 'https://iine.org/2024/04/dispelling-10-common-myths-about-immigrants-and-refugees/', 'https://iine.org/2024/04/dispelling-10-common-myths-about-immigrants-and-refugees/']","['1', '3', '6']",0.0
1981,Did you hear about that Muslim man who attacked a Hindu girl with a machete? It just shows how dangerous they are!,"It's important to clarify that the claim about a Muslim man attacking a Hindu girl is false; both the victim and the accused belong to the same community, which counters the narrative that this was a religiously motivated attack. Moreover, the vast majority of Muslims reject violence and terrorism, viewing such acts as distortions of their faith, and they are often the first victims of extremist violence themselves, highlighting the need to combat misinformation and stereotypes about Islam.","It's important to clarify that the claim of a Muslim man attacking a Hindu girl is false. Both the victim and the accused belong to the same community, which contradicts the narrative that this was a religiously motivated attack. Moreover, the vast majority of Muslims reject violence and terrorism, viewing such acts as distortions of their faith. They are often the first victims of extremist violence themselves, which highlights the need to combat misinformation and stereotypes about Islam.",NGO + Fact-Checkers,muslims,"[2, 4, 5, 6, 25, 31, 32, 33]",2973.0,NGO,https://factly.in/video-of-machete-attack-on-a-woman-in-karnataka-is-falsely-shared-with-a-communal-spin/,"['https://www.adl.org/sites/default/files/myths-and-facts-about-muslim-people-and-islam.pdf', 'https://www.adl.org/sites/default/files/myths-and-facts-about-muslim-people-and-islam.pdf', 'https://www.learningforjustice.org/sites/default/files/general/tt_debunking_misconceptions_0.pdf', 'https://www.learningforjustice.org/sites/default/files/general/tt_debunking_misconceptions_0.pdf', 'https://www.learningforjustice.org/magazine/spring-2017/busting-common-myths-about-islam', 'https://communitiesinc.org.uk/islam-mythbuster/', 'https://communitiesinc.org.uk/islam-mythbuster/', 'https://communitiesinc.org.uk/islam-mythbuster/']","['2', '4', '1', '2', '1', '4', '5', '6']",0.115
1943,Did you hear about that Muslim man who attacked a Hindu girl with a machete? It just shows how dangerous they are!,"It's crucial to recognize that the actions of one individual do not represent an entire community, and the vast majority of Muslims reject violence and terrorism as a distortion of their faith. Stereotyping all Muslims based on the actions of extremists only perpetuates fear and division, while the truth is that Muslims are often the primary victims of such violence.","It's crucial to recognize that the actions of one person do not represent an entire community, and the vast majority of Muslims reject violence and terrorism because they see it as a distortion of their faith. Stereotyping all Muslims based on the actions of extremists only perpetuates fear and division, while the truth is that Muslims are often the primary victims of such violence.",NGO,muslims,"[2, 4, 5, 6, 25, 31, 32, 33]",,NGO,,"['https://www.adl.org/sites/default/files/myths-and-facts-about-muslim-people-and-islam.pdf', 'https://www.adl.org/sites/default/files/myths-and-facts-about-muslim-people-and-islam.pdf', 'https://www.learningforjustice.org/sites/default/files/general/tt_debunking_misconceptions_0.pdf', 'https://www.learningforjustice.org/sites/default/files/general/tt_debunking_misconceptions_0.pdf', 'https://www.learningforjustice.org/magazine/spring-2017/busting-common-myths-about-islam', 'https://communitiesinc.org.uk/islam-mythbuster/', 'https://communitiesinc.org.uk/islam-mythbuster/', 'https://communitiesinc.org.uk/islam-mythbuster/']","['2', '4', '1', '2', '1', '4', '5', '6']",0.083
1814,Did you hear about that Muslim man who attacked a Hindu girl with a machete? It just shows how dangerous they are!,"The claim that a Muslim man attacked a Hindu girl is false, as both the victim and the accused in this incident are from the same community. According to official reports, the attacker and the victim both belong to the Muslim community, which negates any narrative suggesting a communal motive.","The claim that a Muslim man attacked a Hindu girl is false, as both the victim and the accused in this incident are from the same community. According to official reports, the attacker and the victim both belong to the Muslim community, which negates any narrative suggesting a communal motive.",Fact-Checkers,muslims,,2973.0,FC,https://factly.in/video-of-machete-attack-on-a-woman-in-karnataka-is-falsely-shared-with-a-communal-spin/,,,0.0
2434,Did you hear about that Muslim waitress who refused to seat a whole church group? Why should we respect their religion if they don't respect us?,"The claim about a Muslim waitress refusing to seat a church group is entirely fabricated, with the story originating from unreliable sources that have no basis in reality. Furthermore, the locations and organizations mentioned in the claim do not exist, highlighting the importance of verifying information before drawing conclusions about a group based on false narratives.","The claim about a Muslim waitress refusing to seat a church group is entirely fabricated, with the story originating from unreliable sources that have no basis in reality. Furthermore, the locations and organizations mentioned in the claim do not exist, highlighting the importance of verifying information before drawing conclusions about a group based on false narratives.",Fact-Checkers,muslims,,2380.0,FC,https://www.factcheck.org/2018/06/bogus-claim-about-made-up-muslim-waitress/,,,0.0
1995,Did you hear about that Muslim waitress who refused to seat a whole church group? Why should we respect their religion if they don't respect us?,"It's crucial to recognize that the actions of one individual do not represent an entire faith or community. Islam teaches respect for all religions, encouraging coexistence and understanding, and promoting the idea that every individual's dignity should be upheld, regardless of their beliefs.","Let’s not generalize the actions of one individual to an entire religion or community. I guess it was clear she was Muslim because of some identifying sign, like her headscarf. But wearing the headscarf or any specific religious garment doesn’t have any effect on the ability of a woman to perform her tasks in a neutral way. Neutrality should be required for the tasks you perform as an employee, not for the clothes you wear.

",NGO,muslims,"[13, 32]",,NGO,,"['https://www.enar-eu.org/wp-content/uploads/debunkingmyths_lr_final.pdf', 'https://communitiesinc.org.uk/islam-mythbuster/']","['5', '5']",1.512
2034,Did you hear about that Muslim waitress who refused to seat a whole church group? Why should we respect their religion if they don't respect us?,"The claim about a Muslim waitress refusing to seat a church group is completely false; it originates from a satirical source and has no basis in reality, as the supposed restaurant and church do not exist. Additionally, it's important to understand that Islam teaches respect for all faiths, viewing Christians and Jews as part of the family of Abraham, which highlights the common ground we share rather than the divisions that fear and misinformation often create.","The claim about a Muslim waitress refusing to seat a church group is completely false; it originates from a satirical source and has no basis in reality, as the supposed restaurant and church do not exist. Additionally, it's important to understand that Islam teaches respect for all faiths, viewing Christians and Jews as part of the family of Abraham, which highlights the common ground we share rather than the divisions that fear and misinformation often create.",NGO + Fact-Checkers,muslims,"[13, 32]",2380.0,NGO,https://www.factcheck.org/2018/06/bogus-claim-about-made-up-muslim-waitress/,"['https://www.enar-eu.org/wp-content/uploads/debunkingmyths_lr_final.pdf', 'https://communitiesinc.org.uk/islam-mythbuster/']","['5', '5']",0.0
2169,Did you hear about that woman in Texas who made her husband eat his own genitals? And then they say men are violent!,"The story about a woman in Texas forcing her husband to eat his own genitals is a hoax that has circulated multiple times in different locations, highlighting how misinformation can spread and distort the reality of violent situations. While it's true that men can experience violence, it's important to recognize that women face significantly higher rates of gender-based violence and systemic issues that often remain unaddressed, such as being disproportionately affected by domestic violence and sexual assault throughout their lives.","The story about a woman in Texas forcing her husband to eat his own genitals is false. While it's true that men can experience violence, it's important to recognize that women face significantly higher rates of gender-based violence and systemic issues that often remain unaddressed, such as being disproportionately affected by domestic violence and sexual assault throughout their lives.",NGO + Fact-Checkers,women,"[147, 160]",3875.0,FC,https://leadstories.com/hoax-alert/2018/09/fake-news-athens-tx-woman-charged-claims-she-made-cheating-husband-eat-his-own-genitals.html,"['https://developmenteducation.ie/wp-content/uploads/2021/03/Mythbuster-Womens-Rights-web.pdf', 'https://www.enar-eu.org/wp-content/uploads/debunkingmyths_lr_final.pdf']","['8', '4']",0.275
2229,Did you hear about that woman in Texas who made her husband eat his own genitals? And then they say men are violent!,"The claim about a woman in Texas forcing her husband to eat his own genitals is entirely false; it is a rehashed hoax that has circulated with various locations over the years. The story lacks any verifiable evidence and has been debunked multiple times, revealing it to be a product of sensational misinformation rather than a factual event.","The claim about a woman in Texas forcing her husband to eat his own genitals is entirely false; it is a rehashed hoax that has circulated with various locations over the years. The story lacks any verifiable evidence and has been debunked multiple times, revealing it to be a product of sensational misinformation rather than a factual event.",Fact-Checkers,women,,3875.0,FC,https://leadstories.com/hoax-alert/2018/09/fake-news-athens-tx-woman-charged-claims-she-made-cheating-husband-eat-his-own-genitals.html,,,0.0
2673,Did you hear about that woman in Texas who made her husband eat his own genitals? And then they say men are violent!,"Violence impacts individuals of all genders, and while some men do experience violent incidents, it is important to recognize that women face disproportionate levels of violence throughout their lives. Instead of perpetuating harmful stereotypes, we should strive to create a society that acknowledges and addresses the unique challenges faced by all individuals, fostering understanding and compassion for everyone.","Violence impacts individuals of all genders, and while some men do experience violent incidents, it is important to recognize that women face disproportionate levels of violence throughout their lives. Instead of perpetuating harmful stereotypes, we should strive to create a society that acknowledges and addresses the unique challenges faced by all individuals, fostering understanding and compassion for everyone.",NGO,women,"[147, 160]",,NGO,,"['https://developmenteducation.ie/wp-content/uploads/2021/03/Mythbuster-Womens-Rights-web.pdf', 'https://www.enar-eu.org/wp-content/uploads/debunkingmyths_lr_final.pdf']","['8', '4']",0.0
1924,Did you hear about the 412 Muslims arrested in Michingan? It's proof that Muslims are a threat to our society!,"It is important to recognize that the actions of a small minority do not represent the beliefs or behaviors of the vast majority of Muslims, who actively reject violence and terrorism as a distortion of their faith. Additionally, Muslims are often the primary victims of extremist violence, and the narrative surrounding such arrests should focus on understanding and addressing the root causes of extremism rather than perpetuating harmful stereotypes.","It is important to recognize that the actions of a small minority do not represent the beliefs or behaviors of the vast majority of Muslims, who actively reject violence and terrorism as a distortion of their faith. Additionally, Muslims are often the primary victims of extremist violence, and the narrative surrounding such arrests should focus on understanding and addressing the root causes of extremism rather than perpetuating harmful stereotypes.",NGO,muslims,"[2, 5, 33]",,NGO,,"['https://www.adl.org/sites/default/files/myths-and-facts-about-muslim-people-and-islam.pdf', 'https://www.learningforjustice.org/sites/default/files/general/tt_debunking_misconceptions_0.pdf', 'https://communitiesinc.org.uk/islam-mythbuster/']","['2', '1', '6']",0.0
2253,Did you hear about the 412 Muslims arrested in Michingan? It's proof that Muslims are a threat to our society!,"The claim regarding 412 Muslims being arrested in Michigan is misleading, as only about 30 of those arrests occurred in the state, and there is no evidence that all the arrested individuals were Muslim. Furthermore, Muslims constitute approximately 1 percent of Michigan's adult population, highlighting that they do not pose a threat to society as suggested.","No. The claim regarding 412 Muslims being arrested in Michigan is misleading, as only about 30 of those arrests occurred in the state, and there is no evidence that all the arrested individuals were Muslim. The misleading story dedicates its first two paragraphs to expressing an opinion about the effect of Muslim immigrants on the state of Michigan, but Muslims constitute approximately 1 percent of Michigan's adult population. This story also circulated last summer. ",Fact-Checkers,muslims,,2394.0,FC,https://www.factcheck.org/2018/08/old-spin-on-health-care-fraud-bust-returns/,,,0.607
2158,Did you hear about the 412 Muslims arrested in Michingan? It's proof that Muslims are a threat to our society!,"The claim that 412 Muslims were arrested in Michigan is false and misleading, as only about 30 arrests were made in the state and there is no evidence that all individuals arrested were Muslim. It's important to remember that Muslims represent only about 1 percent of Michigan's adult population and the vast majority of these individuals are peaceful, contributing members of society who condemn violence and extremism.","The claim that 412 Muslims were arrested in Michigan is false and misleading, as only about 30 arrests were made in the state and there is no evidence that all individuals arrested were Muslim. It's important to remember that Muslims represent only about 1 percent of Michigan's adult population and the vast majority of these individuals are peaceful, contributing members of society who condemn violence and extremism.",NGO + Fact-Checkers,muslims,"[2, 5, 33]",2394.0,FC,https://www.factcheck.org/2018/08/old-spin-on-health-care-fraud-bust-returns/,"['https://www.adl.org/sites/default/files/myths-and-facts-about-muslim-people-and-islam.pdf', 'https://www.learningforjustice.org/sites/default/files/general/tt_debunking_misconceptions_0.pdf', 'https://communitiesinc.org.uk/islam-mythbuster/']","['2', '1', '6']",0.0
1984,"Did you hear about the Muslim boy who attacked a Hindu girl in Seoni? This is just another case of Love Jihad: they will go to any lengths to convert us all, starting from our women!","It's important to clarify that the claim about a Muslim boy attacking a Hindu girl in Seoni has been proven false; the attacker is actually a Hindu named Sushil Yadav, and local police have confirmed that there is no ""Love Jihad"" angle to this incident. Furthermore, hate-driven narratives often misrepresent the reality of diverse communities, as the vast majority of Muslims are peaceful and reject extremism, just as many faiths include individuals who distort their teachings for violence.","It's important to clarify that the claim about a Muslim boy attacking a Hindu girl in Seoni is false. The attacker is actually a Hindu named Sushil Yadav, and local police have confirmed that there is no ""Love Jihad"" angle to this incident. Furthermore, hate-driven narratives often misrepresent the reality of diverse communities. The vast majority of Muslims are peaceful and reject extremism, and many faiths include individuals who distort their teachings for violence.",NGO + Fact-Checkers,muslims,"[2, 4, 5, 6, 25, 31, 32, 33]",3202.0,NGO,https://factly.in/there-is-no-love-jihad-angle-in-the-seoni-knife-attack-incident/,"['https://www.adl.org/sites/default/files/myths-and-facts-about-muslim-people-and-islam.pdf', 'https://www.adl.org/sites/default/files/myths-and-facts-about-muslim-people-and-islam.pdf', 'https://www.learningforjustice.org/sites/default/files/general/tt_debunking_misconceptions_0.pdf', 'https://www.learningforjustice.org/sites/default/files/general/tt_debunking_misconceptions_0.pdf', 'https://www.learningforjustice.org/magazine/spring-2017/busting-common-myths-about-islam', 'https://communitiesinc.org.uk/islam-mythbuster/', 'https://communitiesinc.org.uk/islam-mythbuster/', 'https://communitiesinc.org.uk/islam-mythbuster/']","['2', '4', '1', '2', '1', '4', '5', '6']",0.128
1816,"Did you hear about the Muslim boy who attacked a Hindu girl in Seoni? This is just another case of Love Jihad: they will go to any lengths to convert us all, starting from our women!","The claim that a Muslim boy attacked a Hindu girl in Seoni as part of a ""Love Jihad"" plot is false; the attacker is actually a Hindu named Sushil Yadav, and local police have confirmed there is no Love Jihad angle to this incident. The victim, Shajroon Hussain, is a Muslim, further debunking the narrative being spread about this attack.","The claim that a Muslim boy attacked a Hindu girl in Seoni as part of a ""Love Jihad"" plot is false; the attacker is actually a Hindu named Sushil Yadav, and local police have confirmed there is no Love Jihad angle to this incident. The victim, Shajroon Hussain, is a Muslim, which further debunks the narrative being spread about this attack.",Fact-Checkers,muslims,,3202.0,FC,https://factly.in/there-is-no-love-jihad-angle-in-the-seoni-knife-attack-incident/,,,0.033
1947,"Did you hear about the Muslim boy who attacked a Hindu girl in Seoni? This is just another case of Love Jihad: they will go to any lengths to convert us all, starting from our women!","It is crucial to recognize that the actions of individuals do not define an entire community. The vast majority of Muslims reject violence and terrorism, viewing such acts as a distortion of their faith, and work towards peace and coexistence with people of all backgrounds.","It is crucial to recognize that the actions of individuals do not define an entire community. The vast majority of Muslims reject violence and terrorism, viewing such acts as a distortion of their faith, and work towards peace and coexistence with people of all backgrounds.",NGO,muslims,"[2, 4, 5, 6, 25, 31, 32, 33]",,NGO,,"['https://www.adl.org/sites/default/files/myths-and-facts-about-muslim-people-and-islam.pdf', 'https://www.adl.org/sites/default/files/myths-and-facts-about-muslim-people-and-islam.pdf', 'https://www.learningforjustice.org/sites/default/files/general/tt_debunking_misconceptions_0.pdf', 'https://www.learningforjustice.org/sites/default/files/general/tt_debunking_misconceptions_0.pdf', 'https://www.learningforjustice.org/magazine/spring-2017/busting-common-myths-about-islam', 'https://communitiesinc.org.uk/islam-mythbuster/', 'https://communitiesinc.org.uk/islam-mythbuster/', 'https://communitiesinc.org.uk/islam-mythbuster/']","['2', '4', '1', '2', '1', '4', '5', '6']",0.0
2500,Did you hear about the shooting at the Chiefs' Super Bowl parade? It was all because of an illegal migrant! We need to kick them all out!,"It's important to understand that immigrants, including those who may be undocumented, are statistically less likely to commit crimes than native-born Americans. In fact, areas with higher immigrant populations often experience lower crime rates, highlighting that the narrative linking immigration to violence is not supported by data.","Before making such generalisations, it's important to remember that immigrants, including those who may be undocumented, are statistically less likely to commit crimes than native-born Americans, according to studies conducted in Texas. In fact, areas with higher immigrant populations often experience lower crime rates, highlighting that the narrative linking immigration to violence is not supported by data.",NGO,migrants,"[40, 75, 78, 103]",,NGO,,"['https://worldrelief.org/blog-immigration-myths/', 'https://www.vera.org/news/debunking-the-lies-politicians-say-about-immigrants', 'https://www.vera.org/news/debunking-the-lies-politicians-say-about-immigrants', 'https://www.learningforjustice.org/magazine/spring-2011/ten-myths-about-immigration']","['2', '3', '7', '5']",0.277
2424,Did you hear about the shooting at the Chiefs' Super Bowl parade? It was all because of an illegal migrant! We need to kick them all out!,"The claim that an illegal migrant named Sahil Omar was responsible for the shooting at the Chiefs' Super Bowl parade is false; the investigation revealed that three juveniles were detained, and there is no confirmed link to terrorism or an illegal immigrant. Misinformation like this not only misrepresents the facts but also unfairly stigmatizes immigrant communities who are not responsible for violent crimes.","The claim that an illegal migrant named Sahil Omar was responsible for the shooting at the Chiefs' Super Bowl parade is false; the investigation revealed that three juveniles were detained, and there is no confirmed link to terrorism or an illegal immigrant. Misinformation like this not only misrepresents the facts but also unfairly stigmatizes immigrant communities who are not responsible for violent crimes.",Fact-Checkers,migrants,,801.0,FC,https://apnews.com/article/fact-check-kansas-city-chiefs-shooting-sahil-omar-793072201635,,,0.0
2527,Did you hear about the shooting at the Chiefs' Super Bowl parade? It was all because of an illegal migrant! We need to kick them all out!,"It's important to note that the recent shooting at the Chiefs' Super Bowl parade has been misattributed to a migrant, whereas the police investigation has revealed that the individuals detained were actually juveniles, with no indication of a terrorism connection. Moreover, evidence consistently shows that immigrants, whether documented or undocumented, are less likely to commit crimes than native-born Americans, highlighting the need for a compassionate understanding of the immigrant community rather than unjust blame.","It's important to note that the recent shooting at the Chiefs' Super Bowl parade has been misattributed to a migrant, whereas the police investigation has revealed that the individuals detained were actually juveniles, with no indication of a terrorism connection. Moreover, evidence from Texas consistently shows that immigrants, whether documented or undocumented, are less likely to commit crimes than native-born Americans, highlighting the need to understand the immigrant community rather than place unjust blame",NGO + Fact-Checkers,migrants,"[40, 75, 78, 103]",801.0,NGO,https://apnews.com/article/fact-check-kansas-city-chiefs-shooting-sahil-omar-793072201635,"['https://worldrelief.org/blog-immigration-myths/', 'https://www.vera.org/news/debunking-the-lies-politicians-say-about-immigrants', 'https://www.vera.org/news/debunking-the-lies-politicians-say-about-immigrants', 'https://www.learningforjustice.org/magazine/spring-2011/ten-myths-about-immigration']","['2', '3', '7', '5']",0.108
2110,"Did you hear that Canada is trying to make it illegal to even protest against LGBTQ stuff? What's next, you can't even express your opinion?","The claim that Canada is making it illegal to protest against LGBTQ issues is misleading; the proposed bill in Ontario only allows for the temporary prohibition of intimidation, such as threats or homophobic demonstrations, near designated ""2SLGBTQI+ community safety zones."" This legislation aims to protect vulnerable communities from hate crimes and does not restrict general freedom of expression or the ability to voice opinions outside of these specific safety zones.","The proposed bill in Ontario only allows for the temporary prohibition of intimidation, such as threats or homophobic demonstrations, near designated areas. This legislation aims to protect vulnerable communities from hate crimes and does not restrict general freedom of expression.",Fact-Checkers,LGBTQIA+ community,,740.0,FC,https://apnews.com/article/fact-check-canada-bill-lgbtq-777684926093,,,0.457
2565,"Did you hear that Canada is trying to make it illegal to even protest against LGBTQ stuff? What's next, you can't even express your opinion?","It's important to recognize that the right to protest is a fundamental aspect of democracy, and ensuring the rights of all individuals, including those in the LGBTQ+ community, does not negate anyone's ability to express their opinions. Instead of fearing the protection of human rights for all, we should celebrate the diversity that enriches our society and work towards mutual respect and understanding.","It's important to recognize that the right to protest is a fundamental aspect of democracy, and ensuring the rights of all individuals, including those in the LGBTQIA+ community, does not negate anyone's ability to express their opinions. Instead of fearing the protection of human rights for all, we should celebrate the diversity that enriches our society and work towards mutual respect and understanding.",NGO,LGBTQIA+ community,"[194, 196, 197]",,NGO,,"['https://www.pgaction.org/inclusion/pdf/myths-v-realities.pdf', 'https://www.pgaction.org/inclusion/pdf/myths-v-realities.pdf', 'https://www.pgaction.org/inclusion/pdf/myths-v-realities.pdf']","['2', '4', '5']",0.016
2495,"Did you hear that Canada is trying to make it illegal to even protest against LGBTQ stuff? What's next, you can't even express your opinion?","The claim that Canada is trying to make it illegal to protest against LGBTQ issues is misleading; the proposed bill is focused on preventing acts of intimidation and protecting the safety of vulnerable communities, not on restricting free expression. Discriminating against individuals based on their sexual orientation or gender identity is never justified, as everyone deserves the same human rights and protections, regardless of differing opinions.","The claim that Canada is trying to make it illegal to protest against the LGBTQIA+ community is misleading. The bill you're probably referring to is focused on preventing acts of intimidation and protecting the safety of drag artists and the LGBTQIA+ community, not on restricting free expression. Still, discriminating against individuals based on their sexual orientation or gender identity is never justified, as everyone deserves the same human rights and protections.",NGO + Fact-Checkers,LGBTQIA+ community,"[194, 196, 197]",740.0,NGO,https://apnews.com/article/fact-check-canada-bill-lgbtq-777684926093,"['https://www.pgaction.org/inclusion/pdf/myths-v-realities.pdf', 'https://www.pgaction.org/inclusion/pdf/myths-v-realities.pdf', 'https://www.pgaction.org/inclusion/pdf/myths-v-realities.pdf']","['2', '4', '5']",0.333
2126,Did you hear that Disney is planning to open pediatric transgender clinics? That's just sick and demonic!,"There is no truth to the claim that Disney is planning to open pediatric transgender clinics; the assertion originates from a satirical video in which an individual impersonates a Disney executive, which has been confirmed by various sources. Additionally, credible media reports do not support any announcements or plans from Disney regarding such clinics.","There is no truth to the claim that Disney is planning to open pediatric transgender clinics; the assertion originates from a satirical video in which an individual impersonates a Disney executive, which has been confirmed by various sources appart from the man himself. Additionally, Google News doesn't show any credible media reports of  announcements or plans from Disney regarding such clinics.",Fact-Checkers,LGBTQIA+ community,,4184.0,FC,https://leadstories.com/hoax-alert/2023/07/fact-check-disney-is-not-opening-pediatric-transgender-clinics.html,,,0.241
2373,Did you hear that Disney is planning to open pediatric transgender clinics? That's just sick and demonic!,"It's important to understand that the claim linking LGBTI individuals to harm is based on misconceptions and stereotypes. In reality, LGBTI people can be loving and supportive figures in children's lives, and promoting inclusivity and understanding fosters a healthier environment for all children, regardless of their sexual orientation or gender identity.","I get that this topic can stir up strong reactions, but calling something ‘sick and demonic’ without understanding it spreads fear and misinformation. No, Disney is not opening pediatric transgender clinics - that’s a rumour, not a fact. And more importantly, being transgender is not unnatural or harmful to children.
There’s no evidence that being around LGBTQIA+ people - or learning about different identities - does anything but help LGBTQIA+ kids feel safer, more understood, and more empathetic. Transgender people are not a threat, and portraying them as dangerous is both offensive and harmful.",NGO,LGBTQIA+ community,"[203, 204, 222, 226, 251]",,NGO,,"['https://www.pgaction.org/inclusion/pdf/myths-v-realities.pdf', 'https://www.pgaction.org/inclusion/pdf/myths-v-realities.pdf', 'https://efcl.org/wp-content/uploads/2020/04/LGBTQ-Myth-Busting-the-LGBTQ-Community.pdf', 'https://efcl.org/wp-content/uploads/2020/04/LGBTQ-Myth-Busting-the-LGBTQ-Community.pdf', 'https://www.coolmindshk.com/en/top-5-myths-about-lgbt-mental-health/']","['14', '15', '13', '18', '5']",1.784
2405,Did you hear that Disney is planning to open pediatric transgender clinics? That's just sick and demonic!,"It's important to clarify that there is no evidence supporting the claim that Disney is planning to open pediatric transgender clinics; this notion stems from a satirical video created by someone impersonating a Disney executive, not from any official announcement. Furthermore, the idea that transgender identities pose a danger to children is a harmful stereotype; studies show that being around LGBTI individuals does not harm children and that transgender people can be positive role models, just like anyone else.","There is no evidence supporting the claim that Disney is planning to open pediatric transgender clinics; this notion stems from a satirical video created by someone impersonating a Disney executive, not from any official announcement. Furthermore, the idea that transgender identities pose a danger to children is a harmful stereotype; studies show that being around LGBTI individuals does not harm children and that transgender people can be positive role models, just like anyone else.",NGO + Fact-Checkers,LGBTQIA+ community,"[203, 204, 222, 226, 251]",4184.0,NGO,https://leadstories.com/hoax-alert/2023/07/fact-check-disney-is-not-opening-pediatric-transgender-clinics.html,"['https://www.pgaction.org/inclusion/pdf/myths-v-realities.pdf', 'https://www.pgaction.org/inclusion/pdf/myths-v-realities.pdf', 'https://efcl.org/wp-content/uploads/2020/04/LGBTQ-Myth-Busting-the-LGBTQ-Community.pdf', 'https://efcl.org/wp-content/uploads/2020/04/LGBTQ-Myth-Busting-the-LGBTQ-Community.pdf', 'https://www.coolmindshk.com/en/top-5-myths-about-lgbt-mental-health/']","['14', '15', '13', '18', '5']",0.076
2435,"Did you hear that Georgia has banned Muslim culture? It's about time we take a stand against it, before they turn our country into the land of Allah!","Georgia has not banned Muslim culture; the claim is based on a proposed bill that never became law and was withdrawn shortly after its introduction due to concerns about its implications. It's important to note that Islam is the second largest religion globally, and like Christianity and Judaism, it is part of the Abrahamic faiths, which share significant historical and theological ties.",Georgia has not banned Muslim culture; the claim is based on a proposed amendment to a 1951 law against the masking features of the Ku Klux Klan. It was withdrawn shortly after its introduction due to concerns about its implications.,Fact-Checkers,muslims,,2353.0,FC,https://www.factcheck.org/2018/03/georgia-didnt-ban-muslim-culture/,,,0.548
2102,"Did you hear that Georgia has banned Muslim culture? It's about time we take a stand against it, before they turn our country into the land of Allah!","It’s important to recognize that Islam, like any faith, encompasses a diverse range of beliefs and practices among its followers, and not all Muslims seek to impose their religious values on others. In fact, U.S. law ensures that no religious law, including Shariah, can supersede constitutional rights, allowing for a harmonious coexistence of different cultures and beliefs in our society.","U.S. legislation guarantees that no religious law, including Islamic ones, can override constitutional rights. This is what allows different cultures and beliefs to coexist in our society. Moreover, Islam, like any other faith, encompasses a wide diversity of beliefs and practices among its followers, many of them similar to ours, and the vast majority of Muslims do not seek to impose their religious values on others.",NGO,muslims,"[27, 29]",,NGO,,"['https://www.learningforjustice.org/magazine/spring-2017/busting-common-myths-about-islam', 'https://communitiesinc.org.uk/islam-mythbuster/']","['3', '2']",0.867
2035,"Did you hear that Georgia has banned Muslim culture? It's about time we take a stand against it, before they turn our country into the land of Allah!","It's important to clarify that Georgia has not banned Muslim culture; the claim is based on a proposed bill that never became law and was aimed at addressing public safety concerns, not targeting any specific group. Additionally, Islam is an Abrahamic faith that shares roots with Judaism and Christianity, promoting values such as equality and justice, which resonate with many in our diverse society.","It's important to clarify that Georgia has not banned Muslim culture; the claim is based on a proposed bill that never became law and was aimed at addressing public safety concerns, not targeting any specific group. Additionally, Islam is an Abrahamic faith that shares roots with Judaism and Christianity, promoting values such as equality and justice, which resonate with many in our diverse society.",NGO + Fact-Checkers,muslims,"[27, 29]",2353.0,NGO,https://www.factcheck.org/2018/03/georgia-didnt-ban-muslim-culture/,"['https://www.learningforjustice.org/magazine/spring-2017/busting-common-myths-about-islam', 'https://communitiesinc.org.uk/islam-mythbuster/']","['3', '2']",0.0
2235,"Did you hear that Trump fired 14 Muslim judges? That's right, they shouldn't be in our legal system, they are against our own values!","The claim that Trump fired 14 Muslim judges is completely unfounded, as no such event occurred; the story originated from a satirical website and has been identified as misinformation. Furthermore, the presence of Muslim judges in our legal system does not undermine American values, as the principles of equality, justice, and respect found in Islam resonate with core Western values, and many Muslim Americans are proud patriots who contribute positively to our society.","The claim that Trump fired 14 Muslim judges is completely unfounded, as no such event occurred; the story originated from a satirical website and has been identified as misinformation. Furthermore, the presence of Muslim judges in our legal system does not undermine American values, as the principles of equality, justice, and respect found in Islam resonate with core Western values, and many Muslim Americans are proud patriots who contribute positively to our society.",NGO + Fact-Checkers,muslims,"[3, 27, 29]",2343.0,FC,https://www.factcheck.org/2017/08/trump-didnt-fire-14-muslim-judges/,"['https://www.adl.org/sites/default/files/myths-and-facts-about-muslim-people-and-islam.pdf', 'https://www.learningforjustice.org/magazine/spring-2017/busting-common-myths-about-islam', 'https://communitiesinc.org.uk/islam-mythbuster/']","['3', '3', '2']",0.0
2113,"Did you hear that Trump fired 14 Muslim judges? That's right, they shouldn't be in our legal system, they are against our own values!","It's important to recognize that the capabilities and contributions of judges are rooted in their qualifications and commitment to justice, regardless of their religious beliefs. In fact, many Muslim Americans are deeply committed to the values of the United States, with a significant majority expressing loyalty to the country and a desire to adopt American customs while also practicing their faith.","It's important to recognize that the capabilities and contributions of judges are rooted in their qualifications and commitment to justice, regardless of their religious beliefs. In fact, many Muslim Americans are deeply committed to the values of the United States, with a significant majority expressing loyalty to the country and a desire to adopt American customs while also practicing their faith. Moreover, equality, sincerity, justice, and forgiveness are values that Muslims are encouraged to follow, and they are also values we share in the West.",NGO,muslims,"[3, 27, 29]",,NGO,,"['https://www.adl.org/sites/default/files/myths-and-facts-about-muslim-people-and-islam.pdf', 'https://www.learningforjustice.org/magazine/spring-2017/busting-common-myths-about-islam', 'https://communitiesinc.org.uk/islam-mythbuster/']","['3', '3', '2']",0.393
2436,"Did you hear that Trump fired 14 Muslim judges? That's right, they shouldn't be in our legal system, they are against our own values!","The claim that Trump fired 14 Muslim judges is completely false; in fact, no such judges exist, as only one Muslim nominee has ever been proposed for a federal judgeship, and that nomination was never confirmed. Additionally, the story originated from a satirical website known for disseminating fake news, which indicates that it should not be taken seriously.","The claim that Trump fired 14 Muslim judges is completely false; the story originated from a satirical website known for disseminating fake news, which indicates that it should not be taken seriously. In fact, no such judges exist, as only one Muslim nominee has ever been proposed for a federal judgeship, and that nomination was never confirmed. ",Fact-Checkers,muslims,,2343.0,FC,https://www.factcheck.org/2017/08/trump-didnt-fire-14-muslim-judges/,,,0.052
2497,"Did you hear there are three Muslim congresswomen who refuse to take the oath of office? They shouldn't even be allowed to serve, they have nothing in common with us!","It's important to clarify that the claim about three Muslim congresswomen refusing to take the oath of office is entirely false; only two Muslim women, Ilhan Omar and Rashida Tlaib, were elected to Congress and both are committed to upholding the U.S. Constitution. Furthermore, Muslim Americans, who make up a significant part of our diverse population, consistently express loyalty to the United States and contribute positively to society, debunking the stereotype that one cannot be both Muslim and patriotic.","This claim about the three Muslim congresswomen refusing to take the oath of office is entirely false. First, only two Muslim women, Ilhan Omar and Rashida Tlaib, were elected to Congress, and both are committed to upholding the U.S. Constitution. Furthermore, Muslim Americans, who make up a significant part of our diverse population, consistently express loyalty to the United States and contribute positively to society, debunking the stereotype that one cannot be both Muslim and compatible with the U.S.",NGO + Fact-Checkers,muslims,"[3, 10, 12, 27]",576.0,NGO,https://apnews.com/article/2678781947,"['https://www.adl.org/sites/default/files/myths-and-facts-about-muslim-people-and-islam.pdf', 'https://www.enar-eu.org/wp-content/uploads/debunkingmyths_lr_final.pdf', 'https://www.enar-eu.org/wp-content/uploads/debunkingmyths_lr_final.pdf', 'https://www.learningforjustice.org/magazine/spring-2017/busting-common-myths-about-islam']","['3', '2', '4', '3']",0.177
2564,"Did you hear there are three Muslim congresswomen who refuse to take the oath of office? They shouldn't even be allowed to serve, they have nothing in common with us!","It is important to recognize that Muslim Americans, including the three Muslim congresswomen, contribute to the diverse fabric of our nation and share a strong identification with American values. In fact, the majority of Muslim Americans express loyalty to the United States and actively seek to adopt its customs, demonstrating that they have much in common with all Americans.","It is important to recognize that Muslim Americans, including the three Muslim congresswomen, contribute to the diverse fabric of our nation and share a strong identification with American values. In fact, in a 2011 Pew study, a majority of Muslim Americans (56%) reported that most Muslims who come to the United States want to adopt American customs and ways of life. It is true that Muslim Americans are equally as likely to identify with their faith, but according to a 2013 Pew study the majority (63%)  of Muslim-Americans feel that there is no inherent tension between being devout and living in a modern society. The majority express loyalty to the United States and actively seek to adopt its customs, demonstrating that they have much in common with all Americans.",NGO,muslims,"[3, 10, 12, 27]",,NGO,,"['https://www.adl.org/sites/default/files/myths-and-facts-about-muslim-people-and-islam.pdf', 'https://www.enar-eu.org/wp-content/uploads/debunkingmyths_lr_final.pdf', 'https://www.enar-eu.org/wp-content/uploads/debunkingmyths_lr_final.pdf', 'https://www.learningforjustice.org/magazine/spring-2017/busting-common-myths-about-islam']","['3', '2', '4', '3']",1.203
2427,"Did you hear there are three Muslim congresswomen who refuse to take the oath of office? They shouldn't even be allowed to serve, they have nothing in common with us!","The claim that three Muslim congresswomen refuse to take the oath of office is completely false; in fact, only two Muslim women, Ilhan Omar and Rashida Tlaib, have been elected to Congress, and both are set to take the oath on January 3. Representatives for both congresswomen have confirmed their commitment to uphold the U.S. Constitution and participate fully in the swearing-in process.","The two Muslim women (not three) who have been elected to Congress will be sworn in on Jan. 3 and both plan to take the oath of office, along with their colleagues. ",Fact-Checkers,muslims,,576.0,FC,https://apnews.com/article/2678781947,,,0.825
2623,Did you hear? The US Government ordered ICE to release all illegal immigrants immediately. It's like they want us to be invaded!,"It's important to recognize that seeking asylum is a legal right upheld by both U.S. laws and international agreements, allowing individuals to escape persecution and violence. Rather than viewing this as an invasion, we can understand it as a reflection of the resilience and determination of people in desperate circumstances seeking safety and protection.","It's important to recognize that seeking asylum is a legal right upheld by both U.S. laws and international agreements, allowing individuals to escape persecution and violence. Rather than viewing this as an invasion, we can understand it as a reflection of the resilience and determination of people in desperate circumstances seeking safety and protection. ",NGO,migrants,"[42, 93, 105]",,NGO,,"['https://worldrelief.org/blog-immigration-myths/', 'https://iine.org/2024/04/dispelling-10-common-myths-about-immigrants-and-refugees/', 'https://www.learningforjustice.org/magazine/spring-2011/ten-myths-about-immigration']","['4', '6', '7']",0.0
2663,Did you hear? The US Government ordered ICE to release all illegal immigrants immediately. It's like they want us to be invaded!,"It's important to clarify that the claim about the government ordering ICE to release all illegal immigrants is false; instead, there were directives to prioritize the release of certain high-risk detainees due to ongoing federal litigation, not a blanket release. Furthermore, seeking asylum is a legal right in the U.S., and migrants fleeing violence and persecution are often compelled to seek safety, highlighting their resilience rather than portraying them as an invasion.","It's important to clarify that the claim about the government ordering ICE to release all illegal immigrants is false; instead, there were directives to prioritize the release of certain high-risk detainees due to ongoing federal litigation, not a blanket release. Furthermore, seeking asylum is a legal right in the U.S., and migrants fleeing violence and persecution are often compelled to seek safety, highlighting their resilience rather than portraying them as an invasion.",NGO + Fact-Checkers,migrants,"[42, 93, 105]",631.0,NGO,https://apnews.com/article/fact-checking-9940393384,"['https://worldrelief.org/blog-immigration-myths/', 'https://iine.org/2024/04/dispelling-10-common-myths-about-immigrants-and-refugees/', 'https://www.learningforjustice.org/magazine/spring-2011/ten-myths-about-immigration']","['4', '6', '7']",0.0
2428,Did you hear? The US Government ordered ICE to release all illegal immigrants immediately. It's like they want us to be invaded!,"The claim that the Biden administration ordered ICE to release all detained immigrants is false. While there was a leaked email that suggested a halt on removals, it was quickly retracted and misinterpreted; the administration did not issue any directive for the immediate release of all immigrants in custody.","Biden administration did not order ICE to release all detained immigrants. While there was a leaked email that suggested a halt on removals, it was quickly retracted and misinterpreted.",Fact-Checkers,migrants,,631.0,FC,https://apnews.com/article/fact-checking-9940393384,,,0.49
1810,"Did you know that 11,000 of the 13,000 knife attacks in London were committed by Muslim immigrants? We let them in and this is how they pay us back!","The claim that 11,000 of the 13,000 knife attacks in London were committed by Muslim immigrants is unfounded and lacks any supporting evidence. In fact, the police do not collect data on the religion or immigration status of knife crime offenders, and data shows that knife crime offenders in London come from diverse backgrounds, with half identified as white.","The claim that 11,000 of the 13,000 knife attacks in London were committed by Muslim immigrants is unfounded and lacks any supporting evidence. In fact, the police do not collect data on the religion or immigration status of knife crime offenders, and data shows that knife crime offenders in London come from diverse backgrounds, with half identified as white.",Fact-Checkers,muslims,,7729.0,FC,https://fullfact.org/online/London-muslim-knife-attacks/,,,0.0
1967,"Did you know that 11,000 of the 13,000 knife attacks in London were committed by Muslim immigrants? We let them in and this is how they pay us back!","It's essential to recognize that the majority of knife attacks in London, like many violent acts, are not representative of any one group and are committed by individuals with diverse backgrounds. Most Muslims around the world actively condemn terrorism and are themselves victims of extremist violence, highlighting that the actions of a few do not define the beliefs of the many.","It's essential to recognize that the majority of knife attacks in London, like many violent acts, are not representative of any one group and are committed by individuals with diverse backgrounds. Most Muslims around the world actively condemn terrorism and are themselves victims of extremist violence, proving that the actions of a few do not define the beliefs of the many.",NGO,muslims,"[2, 5, 25, 33]",,NGO,,"['https://www.adl.org/sites/default/files/myths-and-facts-about-muslim-people-and-islam.pdf', 'https://www.learningforjustice.org/sites/default/files/general/tt_debunking_misconceptions_0.pdf', 'https://www.learningforjustice.org/magazine/spring-2017/busting-common-myths-about-islam', 'https://communitiesinc.org.uk/islam-mythbuster/']","['2', '1', '1', '6']",0.016
1822,"Did you know that 11,000 of the 13,000 knife attacks in London were committed by Muslim immigrants? We let them in and this is how they pay us back!","The claim that 11,000 of the 13,000 knife attacks in London were committed by Muslim immigrants is unfounded and lacks credible evidence, as police statistics do not track the religion or immigration status of offenders. Additionally, the overwhelming majority of Muslims reject violence and extremist interpretations of Islam, with many actively condemning terrorism, illustrating that the actions of a few do not represent the beliefs of the entire community.","The claim that 11,000 of the 13,000 knife attacks in London were committed by Muslim immigrants is unfounded and lacks credible evidence, as police statistics do not track the religion or immigration status of offenders. Additionally, the overwhelming majority of Muslims reject violence and extremist interpretations of Islam, with many actively condemning terrorism, illustrating that the actions of a few do not represent the beliefs of the entire community.",NGO + Fact-Checkers,muslims,"[2, 5, 25, 33]",7729.0,FC,https://fullfact.org/online/London-muslim-knife-attacks/,"['https://www.adl.org/sites/default/files/myths-and-facts-about-muslim-people-and-islam.pdf', 'https://www.learningforjustice.org/sites/default/files/general/tt_debunking_misconceptions_0.pdf', 'https://www.learningforjustice.org/magazine/spring-2017/busting-common-myths-about-islam', 'https://communitiesinc.org.uk/islam-mythbuster/']","['2', '1', '1', '6']",0.0
2010,Did you know that 96% of rapists in India in 2018 were Muslims. They're violent and have no respect for women!,"The claim that 96% of rapists in India are Muslims is not only misleading but entirely unfounded, as official crime statistics from India do not even categorize offenders by religion. Furthermore, it’s crucial to recognize that Islam, like all major religions, encompasses a wide range of beliefs and practices, and the vast majority of Muslims reject violence and work towards peace and justice for all, showing that extremism is not representative of their faith.","The claim that 96% of rapists in India are Muslims is not only misleading but entirely unfounded, as official crime statistics from India do not even categorize offenders by religion. Furthermore, it’s crucial to recognize that Islam, like all major religions, encompasses a wide range of beliefs and practices, and the vast majority of Muslims reject violence and work towards peace and justice for all, showing that extremism is not representative of their faith.",NGO + Fact-Checkers,muslims,"[2, 4, 5, 6, 25, 26, 33]",931.0,NGO,https://www.boomlive.in/fake-news/viral-post-claiming-96-of-rape-offenders-are-muslims-is-false-6293,"['https://www.adl.org/sites/default/files/myths-and-facts-about-muslim-people-and-islam.pdf', 'https://www.adl.org/sites/default/files/myths-and-facts-about-muslim-people-and-islam.pdf', 'https://www.learningforjustice.org/sites/default/files/general/tt_debunking_misconceptions_0.pdf', 'https://www.learningforjustice.org/sites/default/files/general/tt_debunking_misconceptions_0.pdf', 'https://www.learningforjustice.org/magazine/spring-2017/busting-common-myths-about-islam', 'https://www.learningforjustice.org/magazine/spring-2017/busting-common-myths-about-islam', 'https://communitiesinc.org.uk/islam-mythbuster/']","['2', '4', '1', '2', '1', '2', '6']",0.0
2042,Did you know that 96% of rapists in India in 2018 were Muslims. They're violent and have no respect for women!,"It is essential to remember that extremism is not confined to any single faith; the majority of Muslims worldwide are peaceful individuals who strongly condemn acts of violence and terrorism as distortions of their beliefs. Engaging with facts and dialogue can help dismantle harmful stereotypes and promote understanding, reminding us that acts of violence are a reflection of individual behaviors, not an entire religion.","It is essential to remember that extremism is not confined to any single faith. The majority of Muslims worldwide are peaceful individuals who strongly condemn acts of violence and terrorism as distortions of their beliefs. Engaging with facts and dialogue can help dismantle harmful stereotypes and promote understanding, reminding us that acts of violence are a reflection of individual behaviors, not an entire religion.",NGO,muslims,"[2, 4, 5, 6, 25, 26, 33]",,NGO,,"['https://www.adl.org/sites/default/files/myths-and-facts-about-muslim-people-and-islam.pdf', 'https://www.adl.org/sites/default/files/myths-and-facts-about-muslim-people-and-islam.pdf', 'https://www.learningforjustice.org/sites/default/files/general/tt_debunking_misconceptions_0.pdf', 'https://www.learningforjustice.org/sites/default/files/general/tt_debunking_misconceptions_0.pdf', 'https://www.learningforjustice.org/magazine/spring-2017/busting-common-myths-about-islam', 'https://www.learningforjustice.org/magazine/spring-2017/busting-common-myths-about-islam', 'https://communitiesinc.org.uk/islam-mythbuster/']","['2', '4', '1', '2', '1', '2', '6']",0.031
2274,Did you know that 96% of rapists in India in 2018 were Muslims. They're violent and have no respect for women!,"The claim that 96% of rapists in India in 2018 were Muslims is entirely false and unsupported by any official data. The National Crime Records Bureau does not collect or provide statistics on rape based on the religion of either the victim or the perpetrator, rendering such assertions baseless.","The claim that 96% of rapists in India in 2018 were Muslims is entirely false and unsupported by any official data. The National Crime Records Bureau does not collect or provide statistics on rape based on the religion of either the victim or the perpetrator, rendering such assertions baseless.",Fact-Checkers,muslims,,931.0,FC,https://www.boomlive.in/fake-news/viral-post-claiming-96-of-rape-offenders-are-muslims-is-false-6293,,,0.0
2678,Did you know that illegal immigrants are taking more benefits than hard-working British pensioners? They're stealing our money!,"It's important to clarify that the claim that illegal immigrants are taking more benefits than British pensioners is not supported by facts; in reality, those without legal status are not entitled to benefits from the UK’s welfare system. Moreover, while refugees can access benefits similar to UK nationals, they often do not build up the necessary work history to claim substantial pensions, unlike the many British pensioners who contribute to the system throughout their working lives.","It's important to clarify that the claim that illegal immigrants are taking more benefits than British pensioners is not supported by facts; in reality, those without legal status are not entitled to benefits from the UK’s welfare system. Moreover, while refugees can access benefits similar to UK nationals, they often do not build up the necessary work history to claim substantial pensions, unlike the many British pensioners who contribute to the system throughout their working lives.",NGO + Fact-Checkers,migrants,"[39, 48, 51, 52, 76]",7735.0,NGO,https://fullfact.org/immigration/pensioners-or-refugees/,"['https://worldrelief.org/blog-immigration-myths/', 'https://www.infomigrants.net/en/post/53960/fact-or-fiction--investigating-claims-about-migration-in-2023', 'https://edmo.eu/publications/disinformers-use-similar-arguments-and-techniques-to-steer-hate-against-migrants-from-ukraine-or-the-global-south-2/#:~:text=FALSE%20NARRATIVE%20%231%20%E2%80%93%20Migrants%20are,a%20danger%20for%20European%20societies.', 'https://edmo.eu/publications/disinformers-use-similar-arguments-and-techniques-to-steer-hate-against-migrants-from-ukraine-or-the-global-south-2/#:~:text=FALSE%20NARRATIVE%20%231%20%E2%80%93%20Migrants%20are,a%20danger%20for%20European%20societies.', 'https://www.vera.org/news/debunking-the-lies-politicians-say-about-immigrants']","['1', '5', '2a', '2b', '4']",0.0
2489,Did you know that illegal immigrants are taking more benefits than hard-working British pensioners? They're stealing our money!,"It's important to recognize that immigrants, including those who may be undocumented, contribute significantly to our economy by paying taxes and filling essential jobs. In fact, they contribute an estimated $31 billion annually to federal, state, and local taxes, which supports social security and many public services, often without receiving the benefits in return that many citizens do.","The false rhetoric that has portrayed migrants as profiteers in recent years has made extensive use of false stories about them receiving substantial sums of money from host countries (usually higher than social measures available for local citizens). However, it's important to recognize that immigrants, including those who may be undocumented, contribute more to our economy than they receive in benefits, for example by paying taxes and filling essential jobs. In the US, they contribute an estimated $31 billion annually to federal, state, and local taxes, which supports social security and many public services, often without receiving the benefits in return that many citizens do.",NGO,migrants,"[39, 48, 51, 52, 76]",,NGO,,"['https://worldrelief.org/blog-immigration-myths/', 'https://www.infomigrants.net/en/post/53960/fact-or-fiction--investigating-claims-about-migration-in-2023', 'https://edmo.eu/publications/disinformers-use-similar-arguments-and-techniques-to-steer-hate-against-migrants-from-ukraine-or-the-global-south-2/#:~:text=FALSE%20NARRATIVE%20%231%20%E2%80%93%20Migrants%20are,a%20danger%20for%20European%20societies.', 'https://edmo.eu/publications/disinformers-use-similar-arguments-and-techniques-to-steer-hate-against-migrants-from-ukraine-or-the-global-south-2/#:~:text=FALSE%20NARRATIVE%20%231%20%E2%80%93%20Migrants%20are,a%20danger%20for%20European%20societies.', 'https://www.vera.org/news/debunking-the-lies-politicians-say-about-immigrants']","['1', '5', '2a', '2b', '4']",0.862
1868,Did you know that illegal immigrants are taking more benefits than hard-working British pensioners? They're stealing our money!,"The claim that illegal immigrants take more benefits than British pensioners is misleading, as illegal immigrants are not entitled to any benefits from the UK's welfare system. In fact, refugees can claim benefits on par with UK nationals, but the figures often cited are inflated and do not accurately reflect the reality of the benefits system.","The claim that illegal immigrants take more benefits than British pensioners is misleading, as illegal immigrants are not entitled to any benefits from the UK's welfare system. In fact, refugees can claim benefits on par with UK nationals, but the figures often cited are inflated and do not accurately reflect the reality of the benefits system.",Fact-Checkers,migrants,,7735.0,FC,https://fullfact.org/immigration/pensioners-or-refugees/,,,0.0
2440,Did you see that Canada just made it illegal to protest against the LGBT? They always get the royal treatment!,"The claim that Canada has made it illegal to protest against the LGBTQ+ community is inaccurate; a recent bill introduced in Ontario only seeks to create community safety zones to protect against acts of intimidation near drag performance venues. Furthermore, this bill does not prohibit peaceful protests and has not yet become law, as it must undergo several legislative steps before being enacted.","The claim that Canada has made it illegal to protest against the LGBTQ+ community is false. A recent bill introduced in Ontario only seeks to create community safety zones to protect against acts of intimidation near drag performance venues. Furthermore, this bill does not prohibit peaceful protests and has not yet become law, as it must undergo several legislative steps before being enacted.",Fact-Checkers,LGBTQIA+ community,,2591.0,FC,https://www.factcheck.org/2023/04/posts-make-misleading-claims-about-bill-to-protect-lgbtq-events-in-ontario/,,,0.032
2267,Did you see that Canada just made it illegal to protest against the LGBT? They always get the royal treatment!,"The claim that Canada has made it illegal to protest against the LGBTQ+ community is misleading; recent legislative efforts aim to create community safety zones to protect individuals from intimidation, not to ban protests outright. It's important to recognize that every person, regardless of their sexual orientation or gender identity, is entitled to the same universal human rights, and these protections are essential to combat discrimination and promote inclusion for all.","The claim that Canada has made it illegal to protest against the LGBTQ+ community is misleading; recent legislative efforts aim to create community safety zones to protect individuals from intimidation, not to ban protests outright. It's important to recognize that every person, regardless of their sexual orientation or gender identity, is entitled to the same universal human rights, and these protections are essential to combat discrimination and promote inclusion for all.",NGO + Fact-Checkers,LGBTQIA+ community,"[194, 196, 197, 250]",2591.0,FC,https://www.factcheck.org/2023/04/posts-make-misleading-claims-about-bill-to-protect-lgbtq-events-in-ontario/,"['https://www.pgaction.org/inclusion/pdf/myths-v-realities.pdf', 'https://www.pgaction.org/inclusion/pdf/myths-v-realities.pdf', 'https://www.pgaction.org/inclusion/pdf/myths-v-realities.pdf', 'https://www.coolmindshk.com/en/top-5-myths-about-lgbt-mental-health/']","['2', '4', '5', '4']",0.0
2024,Did you see that Canada just made it illegal to protest against the LGBT? They always get the royal treatment!,"The claim that Canada is restricting the right to protest against the LGBT community misrepresents the nation's commitment to protecting the fundamental rights of all individuals. Promoting equality and ending discrimination is essential for a healthy society, and the rights of LGBTI people are human rights that should be upheld universally, ensuring that everyone can live free from discrimination and harm.","The claim that Canada is restricting the right to protest against the LGBT community misrepresents the nation's commitment to protecting the fundamental rights of all individuals. Promoting equality and ending discrimination is essential for a healthy society, and the rights of LGBTI people are human rights that should be upheld universally, ensuring that everyone can live free from discrimination and harm.",NGO,LGBTQIA+ community,"[194, 196, 197, 250]",,NGO,,"['https://www.pgaction.org/inclusion/pdf/myths-v-realities.pdf', 'https://www.pgaction.org/inclusion/pdf/myths-v-realities.pdf', 'https://www.pgaction.org/inclusion/pdf/myths-v-realities.pdf', 'https://www.coolmindshk.com/en/top-5-myths-about-lgbt-mental-health/']","['2', '4', '5', '4']",0.0
1870,Did you see that image of that Muslim guy disguised as a woman? This is exactly what I've been saying about Muslims! They use burqas to hide!,The claim that the image shows a Muslim man disguised as a woman during the Shaheen Bagh protests is false; the image actually depicts a militant who was apprehended by police for opening fire in Pulwama back in 2015. This misrepresentation highlights how misinformation can distort public perception and unfairly target specific communities.,The claim that the image shows a Muslim man disguised as a woman during the Shaheen Bagh protests is false; the image actually depicts a militant who was apprehended by police for opening fire in Pulwama back in 2015. This misrepresentation highlights how misinformation can distort public perception and unfairly target specific communities.,Fact-Checkers,muslims,,2876.0,FC,https://factly.in/photo-of-a-militant-arrested-in-2015-is-shared-as-burqa-clad-man-caught-at-the-shaheen-bagh-protests/,,,0.0
2490,Did you see that image of that Muslim guy disguised as a woman? This is exactly what I've been saying about Muslims! They use burqas to hide!,"It's important to recognize that the choice to wear a burqa or any form of modest dress is deeply personal and varies greatly among individuals. While some women may feel pressured, many others choose to wear these garments as a reflection of their faith and identity, highlighting the diverse practices within the Muslim community that deserve respect and understanding.","While I'm not familiar with the specific episode you're mentioning, it's important to recognize that the choice to wear a burqa is deeply personal. The pressure in Europe on Muslim women to unveil to “free” themselves is grounded in colonial roots and amounts to telling a woman her body is not hers and needs external approval to be “accepted” in public. Forcing women to wear the headscarf is just as violent as forcing them to remove it. In both cases, it ignores women’s right to self-determination.",NGO,muslims,"[2, 5, 7, 11, 25, 33]",,NGO,,"['https://www.adl.org/sites/default/files/myths-and-facts-about-muslim-people-and-islam.pdf', 'https://www.learningforjustice.org/sites/default/files/general/tt_debunking_misconceptions_0.pdf', 'https://www.learningforjustice.org/sites/default/files/general/tt_debunking_misconceptions_0.pdf', 'https://www.enar-eu.org/wp-content/uploads/debunkingmyths_lr_final.pdf', 'https://www.learningforjustice.org/magazine/spring-2017/busting-common-myths-about-islam', 'https://communitiesinc.org.uk/islam-mythbuster/']","['2', '1', '3', '3', '1', '6']",1.22
2679,Did you see that image of that Muslim guy disguised as a woman? This is exactly what I've been saying about Muslims! They use burqas to hide!,"The claim about a Muslim man disguised as a woman is based on a misidentified image from 2015, which actually shows a militant involved in a violent act—not a reflection of Muslim practices or beliefs. It's crucial to understand that the vast majority of Muslims reject violence and extremism, and many women choose to wear the burqa or hijab as a personal expression of faith and dignity, not as a means of concealment or submission.","The claim about a Muslim man disguised as a woman is based on a misidentified image from 2015, which actually shows a militant involved in a violent act—not a reflection of Muslim practices or beliefs. It's crucial to understand that the vast majority of Muslims reject violence and extremism, and many women choose to wear the burqa or hijab as a personal expression of faith and dignity, not as a means of concealment or submission.",NGO + Fact-Checkers,muslims,"[2, 5, 7, 11, 25, 33]",2876.0,NGO,https://factly.in/photo-of-a-militant-arrested-in-2015-is-shared-as-burqa-clad-man-caught-at-the-shaheen-bagh-protests/,"['https://www.adl.org/sites/default/files/myths-and-facts-about-muslim-people-and-islam.pdf', 'https://www.learningforjustice.org/sites/default/files/general/tt_debunking_misconceptions_0.pdf', 'https://www.learningforjustice.org/sites/default/files/general/tt_debunking_misconceptions_0.pdf', 'https://www.enar-eu.org/wp-content/uploads/debunkingmyths_lr_final.pdf', 'https://www.learningforjustice.org/magazine/spring-2017/busting-common-myths-about-islam', 'https://communitiesinc.org.uk/islam-mythbuster/']","['2', '1', '3', '3', '1', '6']",0.0
2438,Did you see that photo of over a hundred illegals caught at the US border? It shows how out of control the situation is!,"The claim regarding a recent photo of over a hundred ""illegals"" caught at the border is misleading, as the image in question is actually from 2010 and not current. While it's true that the number of apprehensions at the border has increased in recent years, it remains historically low compared to the peak of 1.64 million apprehensions in the year 2000, showing a significant 63 percent drop in average monthly apprehensions since then.","The claim regarding a recent photo of over a hundred ""illegals"" caught at the border is misleading, as the image in question is actually from 2010 and not current. While it's true that the number of apprehensions at the border has increased in recent years, it remains historically low compared to the peak of 1.64 million apprehensions in the year 2000, showing a significant 63 percent drop in average monthly apprehensions since then.",Fact-Checkers,migrants,,2436.0,FC,https://www.factcheck.org/2019/02/old-photo-stirs-up-new-immigration-concerns/,,,0.0
2261,Did you see that photo of over a hundred illegals caught at the US border? It shows how out of control the situation is!,"It's important to note that the photo you're referring to is from 2010, not a recent event, and is being misrepresented to create fear about the current situation at the border. In fact, while apprehensions have increased recently, they remain historically low compared to the peak levels seen in 2000, highlighting that the narrative of an ""out of control"" border is misleading and doesn't reflect the true state of immigration.","It's important to note that the photo you're referring to is from 2010, not a recent event, and is being misrepresented to create fear about the current situation at the border. In fact, while apprehensions have increased recently, they remain historically low compared to the peak levels seen in 2000, highlighting that the narrative of an ""out of control"" border is misleading and doesn't reflect the true state of immigration.",NGO + Fact-Checkers,migrants,"[93, 100, 105, 106]",2436.0,FC,https://www.factcheck.org/2019/02/old-photo-stirs-up-new-immigration-concerns/,"['https://iine.org/2024/04/dispelling-10-common-myths-about-immigrants-and-refugees/', 'https://www.learningforjustice.org/magazine/spring-2011/ten-myths-about-immigration', 'https://www.learningforjustice.org/magazine/spring-2011/ten-myths-about-immigration', 'https://www.learningforjustice.org/magazine/spring-2011/ten-myths-about-immigration']","['6', '1', '7', '8']",0.0
2019,Did you see that photo of over a hundred illegals caught at the US border? It shows how out of control the situation is!,"While it may seem alarming to see a large number of people at the border, it’s important to recognize that many immigrants are fleeing persecution and violence, and they are simply seeking safety and a chance for a better life. In fact, the number of unauthorized immigrants from Mexico has been declining, and the total number of immigrants in the U.S. remains stable, indicating a complex reality that goes beyond a single image.","While it may seem alarming to see a large number of people at the border, it’s important to recognize that many immigrants are fleeing persecution and violence, and they are simply seeking safety and a chance for a better life. In fact, the number of unauthorized immigrants from Mexico has been declining, and the total number of immigrants in the U.S. remains stable, indicating a complex reality that goes beyond a single image. Couldn't we consider that, rather than causing problems, they are simply experiencing the same structural issues that affect vulnerable nationals?",NGO,migrants,"[93, 100, 105, 106]",,NGO,,"['https://iine.org/2024/04/dispelling-10-common-myths-about-immigrants-and-refugees/', 'https://www.learningforjustice.org/magazine/spring-2011/ten-myths-about-immigration', 'https://www.learningforjustice.org/magazine/spring-2011/ten-myths-about-immigration', 'https://www.learningforjustice.org/magazine/spring-2011/ten-myths-about-immigration']","['6', '1', '7', '8']",0.274
2512,Did you see that photo of the old Muslim man who married his own daughter? Their marriage rituals are so disgusting!,"It's important to clarify that the claim about the old man marrying his daughter is false; the girl is actually a 16-year-old who was married to him for financial reasons, and her mother sought help after the girl reported mistreatment. Furthermore, we must recognize that the oppression of women in some contexts is often driven by cultural practices rather than Islamic teachings, as the Quran advocates for equality and empowers women with rights such as the ability to refuse marriage and pursue education.","It's important to clarify that the claim about the old man marrying his daughter is false; the girl is actually a 16-year-old who was married to him for financial reasons, and her mother sought help after the girl reported mistreatment. Furthermore, we must recognize that the oppression of women in some contexts is often driven by cultural practices rather than Islamic teachings, as the Quran advocates for equality and empowers women with rights such as the ability to refuse marriage and pursue education.",NGO + Fact-Checkers,muslims,"[4, 6, 31, 34, 38]",2815.0,NGO,https://factly.in/the-75-year-old-man-in-the-photo-is-not-the-girls-father/,"['https://www.adl.org/sites/default/files/myths-and-facts-about-muslim-people-and-islam.pdf', 'https://www.learningforjustice.org/sites/default/files/general/tt_debunking_misconceptions_0.pdf', 'https://communitiesinc.org.uk/islam-mythbuster/', 'https://medium.com/@jawadakhtar/myths-associated-with-muslim-weddings-1e52c5755ef0', 'https://medium.com/@jawadakhtar/myths-associated-with-muslim-weddings-1e52c5755ef4']","['4', '2', '4', '1', '5']",0.0
1869,Did you see that photo of the old Muslim man who married his own daughter? Their marriage rituals are so disgusting!,"The claim that the old man married his own daughter is false; in reality, the 75-year-old man is not related to the 16-year-old girl, who was married to him for a substantial dowry. This case gained attention when the girl's mother sought police help due to concerns about her daughter's well-being in the marriage.","The claim that the old man married his own daughter is false; in reality, the 75-year-old man is not related to the 16-year-old girl, who was married to him for a substantial dowry. This case gained attention when the girl's mother sought police help due to concerns about her daughter's well-being in the marriage.",Fact-Checkers,muslims,,2815.0,FC,https://factly.in/the-75-year-old-man-in-the-photo-is-not-the-girls-father/,,,0.0
2491,Did you see that photo of the old Muslim man who married his own daughter? Their marriage rituals are so disgusting!,"It's important to challenge the harmful stereotype that suggests all Muslim marriages involve oppressive practices; in fact, the Quran promotes gender equality and grants women the right to make choices about their lives and relationships. Many Muslim women today actively participate in redefining cultural norms and advocating for their rights, showing that they are not defined by negative portrayals but are vibrant agents of change in their communities.","I haven't seen that photo specifically, but it's important to challenge the harmful stereotype that suggests all Muslim marriages involve oppressive practices; in fact, the Quran promotes gender equality and explicitly states that women have the right to refuse a prospective husband. Moreover, there are many myths about Muslim marriages specifically: for example, a man does not even have a right to marry his wife’s sister, in case his wife is still alive.",NGO,muslims,"[4, 6, 31, 34, 38]",,NGO,,"['https://www.adl.org/sites/default/files/myths-and-facts-about-muslim-people-and-islam.pdf', 'https://www.learningforjustice.org/sites/default/files/general/tt_debunking_misconceptions_0.pdf', 'https://communitiesinc.org.uk/islam-mythbuster/', 'https://medium.com/@jawadakhtar/myths-associated-with-muslim-weddings-1e52c5755ef0', 'https://medium.com/@jawadakhtar/myths-associated-with-muslim-weddings-1e52c5755ef4']","['4', '2', '4', '1', '5']",0.691
2446,Did you see that protest? They had a placard saying ‘Make India a Muslim nation'. They want to turn our country into an Islamic state!,"It's important to clarify that the claim about a placard advocating for India to be a Muslim nation is based on a photoshopped image, as the original message was actually about job security and basic needs, which reflects the concerns of many citizens across communities. Furthermore, Muslims, like all other groups, seek to live in harmony and contribute positively to society, and the majority denounce any misuse of their faith for extremist purposes, highlighting the need for accurate representations rather than misleading narratives.","It's important to clarify that the claim about a placard advocating for India to be a Muslim nation is based on a photoshopped image. As the original message was actually about job security and basic needs, which reflects the concerns of many citizens across communities. Furthermore, Muslims, like all other groups, seek to live in harmony and contribute positively to society, and the majority denounce any misuse of their faith for extremist purposes, highlighting the need for accurate representations rather than misleading narratives.",NGO + Fact-Checkers,muslims,"[27, 33]",2868.0,FC,https://factly.in/remove-cab-make-india-a-muslim-nation-placard-found-at-priyanka-gandhis-anti-caa-protest-is-photoshopped/,"['https://www.learningforjustice.org/magazine/spring-2017/busting-common-myths-about-islam', 'https://communitiesinc.org.uk/islam-mythbuster/']","['3', '6']",0.024
2571,Did you see that protest? They had a placard saying ‘Make India a Muslim nation'. They want to turn our country into an Islamic state!,"The claim that a placard at Priyanka Gandhi's anti-CAA protest called for making India a Muslim nation is false; the original placard read ""Not lathis and bullets, give us jobs and roti."" This misinformation stemmed from a photoshopped image, as verified by multiple sources that captured the event, showing no placards advocating for an Islamic state.","The claim that a placard at Priyanka Gandhi's anti-CAA protest called for making India a Muslim nation is false; the original placard read ""Not lathis and bullets, give us jobs and roti."" This misinformation stemmed from a photoshopped image, as verified by multiple sources that captured the event, showing no placards advocating for an Islamic state.",Fact-Checkers,muslims,,2868.0,FC,https://factly.in/remove-cab-make-india-a-muslim-nation-placard-found-at-priyanka-gandhis-anti-caa-protest-is-photoshopped/,,,0.0
1978,Did you see that protest? They had a placard saying ‘Make India a Muslim nation'. They want to turn our country into an Islamic state!,"It's important to remember that the call for a particular kind of nation does not reflect the views of all individuals within a community. The majority of Muslims worldwide condemn extremist ideologies and are often the first victims of violence, demonstrating that their faith is about compassion and peace, not conquest.","It's important to remember that a call for a specific type of nation does not represent the views of every individual in a community. The majority of Muslims worldwide condemn extremist ideologies and are often the first victims of violence. This demonstrates that their faith is based on compassion and peace, not conquest.",NGO,muslims,"[27, 33]",,NGO,,"['https://www.learningforjustice.org/magazine/spring-2017/busting-common-myths-about-islam', 'https://communitiesinc.org.uk/islam-mythbuster/']","['3', '6']",0.235
2106,Did you see that shooter in Nashville? That's what happens when you let trans people into society. They are mentally ill!,"It is false to claim that the Nashville shooter represents trans people or that they are mentally ill; the photograph circulating online misidentified the person holding a sign as the shooter, whereas that individual was actually participating in a protest in Oklahoma City. Additionally, mental health issues affect individuals across all demographics, and attributing such issues specifically to trans individuals perpetuates harmful stereotypes without basis in fact.","The photo does not represent the shooter of Nashville, but an individual participating in a protest in Oklahoma City. Moreover, mental health issues affect individuals across all demographics, and attributing such issues specifically to trans individuals is baseless. ",Fact-Checkers,LGBTQIA+ community,,732.0,FC,https://apnews.com/article/fact-check-nashville-shooter-photo-421377868208,,,0.612
2514,Did you see that shooter in Nashville? That's what happens when you let trans people into society. They are mentally ill!,"It's crucial to understand that the shooter in Nashville was mischaracterized and that misinformation has been widely circulated. There is no evidence linking trans identity to violent behavior; in fact, studies show that the mental health challenges faced by transgender individuals are largely a result of societal discrimination, not an inherent predisposition to violence.","Actually, this claim is false: a photo taken at a peaceful protest in Oklahoma is wrongfully being used to misidentify the shooter as a transgender person. Also, there is no evidence linking trans identity to violence or mental illness; in fact, studies show that the mental health challenges faced by transgender individuals are largely a result of societal discrimination. ",NGO + Fact-Checkers,LGBTQIA+ community,"[204, 247, 248, 251]",732.0,NGO,https://apnews.com/article/fact-check-nashville-shooter-photo-421377868208,"['https://www.pgaction.org/inclusion/pdf/myths-v-realities.pdf', 'https://www.coolmindshk.com/en/top-5-myths-about-lgbt-mental-health/', 'https://www.coolmindshk.com/en/top-5-myths-about-lgbt-mental-health/', 'https://www.coolmindshk.com/en/top-5-myths-about-lgbt-mental-health/']","['15', '1', '2', '5']",0.685
2506,Did you see that shooter in Nashville? That's what happens when you let trans people into society. They are mentally ill!,"It's important to challenge the harmful stereotype that links being transgender with violence; there is no evidence to support the idea that transgender individuals are a danger to society or children. In fact, studies show that transgender people, like all individuals, can lead healthy, productive lives and often thrive when treated with respect and support.","It's important to challenge the harmful stereotype that links being transgender with violence; there is no evidence to support the idea that transgender individuals are a danger to society. Instead, LGBTQIA+ people can be good parents, teachers, and role models. In fact, studies show that transgender people suffer from mental illness mostly due to discrimination, which causes them anxiety and depression. When treated with respect and support they can healthy, productive lives.",NGO,LGBTQIA+ community,"[204, 247, 248, 251]",,NGO,,"['https://www.pgaction.org/inclusion/pdf/myths-v-realities.pdf', 'https://www.coolmindshk.com/en/top-5-myths-about-lgbt-mental-health/', 'https://www.coolmindshk.com/en/top-5-myths-about-lgbt-mental-health/', 'https://www.coolmindshk.com/en/top-5-myths-about-lgbt-mental-health/']","['15', '1', '2', '5']",0.618
2586,"Did you see that sign from the mosque that said 'Allah be praised, America we will kill you'? That's proof Muslims want to take over!","The claim about a mosque in Dearborn, Michigan displaying a sign that says ""Allah be praised, America we will kill you"" is false; this image has been debunked as a fabricated creation likely generated using an old online tool. Such misleading representations do not reflect the beliefs of Muslims, who make up a diverse community that largely advocates for peace and coexistence.","The image is not real: it has been circulating on the internet for years and it was probably originally generated using an old ""Church Sign Maker"" website. ",Fact-Checkers,muslims,,3902.0,FC,https://leadstories.com/hoax-alert/2019/04/fake-news-advancement-of-islamic-agenda-sign.html,,,0.919
2671,"Did you see that sign from the mosque that said 'Allah be praised, America we will kill you'? That's proof Muslims want to take over!","It is important to recognize that the actions of a small minority of extremists do not reflect the beliefs or intentions of the vast majority of Muslims, who actively condemn violence and promote peace. Just as in other religions, the radical interpretations of a few should not define the entirety of a faith that teaches compassion and respect for all humanity.","It is important to recognize that the actions of a small minority of extremists do not reflect the beliefs or intentions of the vast majority of Muslims, who actively condemn violence and promote peace. Just as in other religions, the radical interpretations of a few should not define the entirety of a faith that teaches compassion and respect for all humanity.",NGO,muslims,"[2, 5, 25, 27, 32, 33]",,NGO,,"['https://www.adl.org/sites/default/files/myths-and-facts-about-muslim-people-and-islam.pdf', 'https://www.learningforjustice.org/sites/default/files/general/tt_debunking_misconceptions_0.pdf', 'https://www.learningforjustice.org/magazine/spring-2017/busting-common-myths-about-islam', 'https://www.learningforjustice.org/magazine/spring-2017/busting-common-myths-about-islam', 'https://communitiesinc.org.uk/islam-mythbuster/', 'https://communitiesinc.org.uk/islam-mythbuster/']","['2', '1', '1', '3', '5', '6']",0.0
2399,"Did you see that sign from the mosque that said 'Allah be praised, America we will kill you'? That's proof Muslims want to take over!","The sign you mentioned is actually a fabrication that has circulated online for years, created using a now-defunct ""Church Sign Maker"" website, and is not reflective of the beliefs of the vast majority of Muslims, who condemn violence in all its forms. Just as extremists exist in every religion, the overwhelming majority of Muslims reject violent interpretations of their faith and strive to promote peace and understanding, similar to how most Christians denounce the hate preached by groups like the Ku Klux Klan.","The sign you mentioned is actually a fabrication that has circulated online for years, created using a now-defunct ""Church Sign Maker"" website, and is not reflective of the beliefs of the vast majority of Muslims, who condemn violence in all its forms. Just as extremists exist in every religion, the overwhelming majority of Muslims reject violent interpretations of their faith and strive to promote peace and understanding, similar to how most Christians denounce the hate preached by groups like the Ku Klux Klan.",NGO + Fact-Checkers,muslims,"[2, 5, 25, 27, 32, 33]",3902.0,NGO,https://leadstories.com/hoax-alert/2019/04/fake-news-advancement-of-islamic-agenda-sign.html,"['https://www.adl.org/sites/default/files/myths-and-facts-about-muslim-people-and-islam.pdf', 'https://www.learningforjustice.org/sites/default/files/general/tt_debunking_misconceptions_0.pdf', 'https://www.learningforjustice.org/magazine/spring-2017/busting-common-myths-about-islam', 'https://www.learningforjustice.org/magazine/spring-2017/busting-common-myths-about-islam', 'https://communitiesinc.org.uk/islam-mythbuster/', 'https://communitiesinc.org.uk/islam-mythbuster/']","['2', '1', '1', '3', '5', '6']",0.0
2088,Did you see that the shooter at the school had all those LGBT flags in their room? It's just another example of how sick and twisted they are!,"The claim that the room with LGBT flags belonged to the shooter is false; that image actually dates back to 2021 and has been misrepresented in relation to the tragic events in Nashville. Furthermore, while the shooter was identified as transgender, the motive for targeting the school was confirmed to be not personal but rather a broader act against the institution itself.","The photo of the room dates back to 2021, and the room did not belong to the shooter. It it true that the shooter was identified as transgender, but the motive for targeting the school has not been confirmed by the police.",Fact-Checkers,LGBTQIA+ community,,733.0,FC,https://apnews.com/article/fact-check-photo-bedroom-nashville-school-shooter-984231172549,,,0.645
2507,Did you see that the shooter at the school had all those LGBT flags in their room? It's just another example of how sick and twisted they are!,"It is important to understand that the mental health struggles some LGBT individuals face often arise from societal discrimination and stigma, rather than their identities themselves. Supporting LGBT people and fostering an inclusive environment can significantly reduce these challenges, leading to improved mental well-being for everyone.","No, I haven't seen it, but I know that it is not fair to make such generalizations. The mental health struggles some LGBTQIA+ individuals face often arise from societal discrimination and stigma, rather than their identities themselves. Supporting LGBT people and fostering an inclusive environment can significantly reduce these challenges, leading to improved mental well-being for them.",NGO,LGBTQIA+ community,"[247, 248, 251]",,NGO,,"['https://www.coolmindshk.com/en/top-5-myths-about-lgbt-mental-health/', 'https://www.coolmindshk.com/en/top-5-myths-about-lgbt-mental-health/', 'https://www.coolmindshk.com/en/top-5-myths-about-lgbt-mental-health/']","['1', '2', '5']",0.391
2529,Did you see that the shooter at the school had all those LGBT flags in their room? It's just another example of how sick and twisted they are!,"It's important to clarify that the claim about the shooter having LGBT flags in their room is based on a widely circulated image that has been misidentified; it actually belongs to someone else and not the shooter. Furthermore, the narrative that links LGBT identity to violence only perpetuates harmful stereotypes, while evidence shows that mental health challenges in the LGBT community stem largely from discrimination, not their identities themselves.","Actually, the claim about the shooter having LGBTQIA+ flags in their room is based on a widely circulated image that has been miscaptiones. It actually belongs to someone else and not the shooter. Furthermore, the narrative that links LGBTQIA+ identity to mental illness only perpetuates harmful stereotypes, while evidence shows that mental health challenges in the LGBTQIA+ community stem mostly from anxiety caused by discrimination.",NGO + Fact-Checkers,LGBTQIA+ community,"[247, 248, 251]",733.0,NGO,https://apnews.com/article/fact-check-photo-bedroom-nashville-school-shooter-984231172549,"['https://www.coolmindshk.com/en/top-5-myths-about-lgbt-mental-health/', 'https://www.coolmindshk.com/en/top-5-myths-about-lgbt-mental-health/', 'https://www.coolmindshk.com/en/top-5-myths-about-lgbt-mental-health/']","['1', '2', '5']",0.261
2228,Did you see that trans dude at Zagreb Pride? He was basically naked in a dress made of condoms and there were children around! That's disgusting!,"The claim that a trans person at Zagreb Pride was naked and posed a threat to children is false; in reality, the individual was wearing underwear, and Croatia's children's ombudsperson confirmed that children “were not directly threatened.” Additionally, there is no evidence to support the assertion that the LGBTQ+ community is engaging in any form of pedophilia or violating Croatian laws, as highlighted by the ombudsperson's statements regarding the event.","The claim that a trans person at Zagreb Pride was naked and posed a threat to children is false; in reality, the individual was wearing underwear, and Croatia's children's ombudsperson confirmed that children “were not directly threatened.” Additionally, there is no evidence to support the assertion that the LGBTQ+ community is engaging in any form of pedophilia or violating Croatian laws, as highlighted by the ombudsperson's statements regarding the event.",Fact-Checkers,LGBTQIA+ community,,1530.0,FC,https://croatian.leadstories.com/hoax-alert/2023/06/fact-check-zagreb-pride-reveller-was-not-naked-and-did-not-cause-harm-to-children.html,,,0.0
2672,Did you see that trans dude at Zagreb Pride? He was basically naked in a dress made of condoms and there were children around! That's disgusting!,"It's important to recognize that Pride events celebrate diversity and allow individuals to express their identities freely, which includes a range of creative expressions. Furthermore, being transgender is not inherently inappropriate, and there is no evidence to suggest that LGBTI people pose any danger to children; in fact, they can be positive role models and caring community members.","It's important to recognize that Pride events celebrate diversity and allow individuals to express their identities freely, which includes a range of creative expressions. Furthermore, being transgender is not inherently inappropriate, and there is no evidence to suggest that LGBTI people pose any danger to children; in fact, they can be positive role models and caring community members.",NGO,LGBTQIA+ community,"[204, 222, 225, 251]",,NGO,,"['https://www.pgaction.org/inclusion/pdf/myths-v-realities.pdf', 'https://efcl.org/wp-content/uploads/2020/04/LGBTQ-Myth-Busting-the-LGBTQ-Community.pdf', 'https://efcl.org/wp-content/uploads/2020/04/LGBTQ-Myth-Busting-the-LGBTQ-Community.pdf', 'https://www.coolmindshk.com/en/top-5-myths-about-lgbt-mental-health/']","['15', '13', '16', '5']",0.0
2400,Did you see that trans dude at Zagreb Pride? He was basically naked in a dress made of condoms and there were children around! That's disgusting!,"It's important to clarify that the individual at Zagreb Pride was not naked but was wearing underwear, and the children's ombudsperson confirmed that children were not directly threatened during the event. Furthermore, the belief that LGBTQ+ people pose a danger to children is unfounded; studies show that they can be positive role models, just like their straight and cisgender counterparts, and such claims only serve to perpetuate harmful stereotypes without any evidence.","The person at Zagreb Pride was not naked but was wearing underwear, and the children's ombudsperson confirmed that children were not directly threatened during the event. Furthermore, the belief that LGBTQIA+ people pose a danger to children is unfounded; studies show that they can be positive role models, just like their straight and cisgender counterparts, and such claims only serve to perpetuate harmful stereotypes without any evidence.",NGO + Fact-Checkers,LGBTQIA+ community,"[204, 222, 225, 251]",1530.0,NGO,https://croatian.leadstories.com/hoax-alert/2023/06/fact-check-zagreb-pride-reveller-was-not-naked-and-did-not-cause-harm-to-children.html,"['https://www.pgaction.org/inclusion/pdf/myths-v-realities.pdf', 'https://efcl.org/wp-content/uploads/2020/04/LGBTQ-Myth-Busting-the-LGBTQ-Community.pdf', 'https://efcl.org/wp-content/uploads/2020/04/LGBTQ-Myth-Busting-the-LGBTQ-Community.pdf', 'https://www.coolmindshk.com/en/top-5-myths-about-lgbt-mental-health/']","['15', '13', '16', '5']",0.111
2449,Did you see that video of a woman slapping a guy on the bus? They always play the victims but look at them! They're violent too!,"While it's true that the video depicts a woman reacting violently to unwanted behavior, it's crucial to recognize that violence can occur across all genders and that men also face significant challenges, including higher rates of workplace accidents and conflict-related casualties. However, women experience violence in a more pervasive and systemic manner, with alarming statistics showing that one in three women will experience physical or sexual violence in their lifetime, highlighting the necessity of addressing these issues with empathy and understanding rather than perpetuating harmful stereotypes.","While it's true that the video depicts a woman reacting violently to unwanted behavior, it's crucial to recognize that violence can occur across all genders and that men also face significant challenges, including higher rates of workplace accidents and conflict-related casualties. However, women experience violence in a more pervasive and systemic manner, with alarming statistics showing that one in three women will experience physical or sexual violence in their lifetime, highlighting the necessity of addressing these issues with empathy and understanding rather than perpetuating harmful stereotypes.",NGO + Fact-Checkers,women,"[147, 180]",1152.0,FC,https://www.boomlive.in/fact-check/woman-slaps-muslim-man-in-bus-video-viral-fact-check-15053,"['https://developmenteducation.ie/wp-content/uploads/2021/03/Mythbuster-Womens-Rights-web.pdf', 'https://safeandequal.org.au/understanding-family-violence/myths/#']","['8', '9']",0.0
1942,Did you see that video of a woman slapping a guy on the bus? They always play the victims but look at them! They're violent too!,"It's important to recognize that while violence can affect people of all genders, the experiences and impacts of this violence vary significantly. Women, in particular, face a disproportionate amount of violence throughout their lives, often stemming from deeply embedded societal issues that need to be addressed with compassion and understanding.","It's important to recognize that while violence can affect people of all genders, the experiences and impacts of this violence vary significantly. Women, in particular, face a disproportionate amount of violence throughout their lives. This violence often stems from deeply embedded societal issues that require compassion and understanding to address.",NGO,women,"[147, 180]",,NGO,,"['https://developmenteducation.ie/wp-content/uploads/2021/03/Mythbuster-Womens-Rights-web.pdf', 'https://safeandequal.org.au/understanding-family-violence/myths/#']","['8', '9']",0.22
2224,Did you see that video of a woman slapping a guy on the bus? They always play the victims but look at them! They're violent too!,"The claim that women are inherently violent and that they frequently play the victim is misleading. The specific incident you referenced is an old video from Pakistan, in which the woman was responding to inappropriate behavior, highlighting the need to address harassment rather than suggesting that women are violent.","The claim that women are inherently violent and that they frequently play the victim is misleading. The specific incident you referenced is an old video from Pakistan, in which the woman was responding to inappropriate behavior, highlighting the need to address harassment rather than suggesting that women are violent.",Fact-Checkers,women,,1152.0,FC,https://www.boomlive.in/fact-check/woman-slaps-muslim-man-in-bus-video-viral-fact-check-15053,,,0.0
2403,Did you see that video of Biden vowing to open our borders to immigrants? Helping to destroy America one day at a time.,"Misunderstanding the context of Biden's remarks can lead to misconceptions about immigration policies. He emphasized the historical role of immigrants in America's strength, and the reality is that migrants come primarily to seek safety, work, and family unity, contributing positively to our communities and economy rather than destroying them.","Misunderstanding the context of Biden's remarks can lead to misconceptions about immigration policies. He emphasized the historical role of immigrants in America's strength, and the reality is that migrants come primarily to seek safety, work, and family unity, contributing positively to our communities and economy rather than destroying them.",NGO + Fact-Checkers,migrants,"[51, 93, 103, 105]",4216.0,NGO,https://leadstories.com/hoax-alert/2023/12/fact-check-video-does-not-show-biden-vowing-to-open-us-borders-to-unrelenting-stream-of-immigration.html,"['https://edmo.eu/publications/disinformers-use-similar-arguments-and-techniques-to-steer-hate-against-migrants-from-ukraine-or-the-global-south-2/#:~:text=FALSE%20NARRATIVE%20%231%20%E2%80%93%20Migrants%20are,a%20danger%20for%20European%20societies.', 'https://iine.org/2024/04/dispelling-10-common-myths-about-immigrants-and-refugees/', 'https://www.learningforjustice.org/magazine/spring-2011/ten-myths-about-immigration', 'https://www.learningforjustice.org/magazine/spring-2011/ten-myths-about-immigration']","['2a', '6', '5', '7']",0.0
2368,Did you see that video of Biden vowing to open our borders to immigrants? Helping to destroy America one day at a time.,"It's important to recognize that the narrative around immigrants opening borders and harming the country is rooted in misinformation. In reality, immigrants primarily come to the U.S. seeking safety, family reunification, or work opportunities, and statistics show they are less likely to commit crimes than native-born citizens, contributing positively to the social and economic fabric of our communities.","The narrative around immigrants opening borders and harming the country is rooted in misinformation. In reality, immigrants primarily come to the U.S. seeking safety, family reunification, or work opportunities, and statistics show they are less likely to commit crimes than native-born citizens, contributing positively to the social and economic fabric of our communities.",NGO,migrants,"[51, 93, 103, 105]",,NGO,,"['https://edmo.eu/publications/disinformers-use-similar-arguments-and-techniques-to-steer-hate-against-migrants-from-ukraine-or-the-global-south-2/#:~:text=FALSE%20NARRATIVE%20%231%20%E2%80%93%20Migrants%20are,a%20danger%20for%20European%20societies.', 'https://iine.org/2024/04/dispelling-10-common-myths-about-immigrants-and-refugees/', 'https://www.learningforjustice.org/magazine/spring-2011/ten-myths-about-immigration', 'https://www.learningforjustice.org/magazine/spring-2011/ten-myths-about-immigration']","['2a', '6', '5', '7']",0.103
2234,Did you see that video of Biden vowing to open our borders to immigrants? Helping to destroy America one day at a time.,"The claim that Biden vowed to open U.S. borders to immigrants is misleading, as his comments were taken out of context from a 2015 event where he discussed America's identity as a ""nation of immigrants"" and the strength derived from its diversity. Biden's statements reflect his belief in the historical significance of immigration rather than a policy directive to open borders.","The claim that Biden vowed to open U.S. borders to immigrants is misleading, as his comments were taken out of context from a 2015 event where he discussed America's identity as a ""nation of immigrants"" and the strength derived from its diversity. Biden's statements reflect his belief in the historical significance of immigration rather than a policy directive to open borders.",Fact-Checkers,migrants,,4216.0,FC,https://leadstories.com/hoax-alert/2023/12/fact-check-video-does-not-show-biden-vowing-to-open-us-borders-to-unrelenting-stream-of-immigration.html,,,0.0
1937,Did you see that video of the Muslim rally in New York? This is no place to claim Sharia rights. You are not welcome here!,"It's important to recognize that Sharia law is often misunderstood; it serves as a moral and ethical guide for many Muslims rather than a rigid legal system, and it does not supersede U.S. law. Many Muslims in the U.S. share values of equality, justice, and compassion that resonate deeply with the principles of democracy and coexistence that Americans cherish.","Islam shares its roots with Judaism and Christianity as one of the three Abrahamic faiths, and its core teachings align closely with values familiar to many in the West. The Quran includes stories and principles found in the Bible, such as the story of Moses, emphasizing common ground rather than division. Moreover, the Prophet Muhammad advocated for values like equality, justice, sincerity, and forgiveness—virtues deeply embedded in Western ethics. This common moral foundation illustrates that Muslims seek coexistence and respect, not the imposition of foreign laws like Sharia on American society.

",NGO,muslims,"[27, 29]",,NGO,,"['https://www.learningforjustice.org/magazine/spring-2017/busting-common-myths-about-islam', 'https://communitiesinc.org.uk/islam-mythbuster/']","['3', '2']",1.356
2263,Did you see that video of the Muslim rally in New York? This is no place to claim Sharia rights. You are not welcome here!,"The claim that the rally in New York was a ""Muslim rally … demanding their Sharia Rights"" is false; it was actually an interdenominational demonstration organized by Muslim, Jewish, and Christian groups against Islamophobia and hate. The video being referenced has been inaccurately described and shared widely, but it does not represent the true purpose of the event, which was focused on promoting tolerance and ending racism.","The claim that the rally in New York was a ""Muslim rally … demanding their Sharia Rights"" is false; it was actually an internationall demonstration organized several religious and cultural organizations, like Muslim, Jewish and Christian groups, against Islamophobia and hate, after a mass shooting that killed 50 people in the two New Zeland mosques. The video being referenced has been inaccurately described and shared widely, but it does not represent the true purpose of the event, which was focused on promoting tolerance and ending racism.",Fact-Checkers,muslims,,2449.0,FC,https://www.factcheck.org/2019/04/deceptive-facebook-post-distorts-rally-against-hate/,,,0.358
2142,Did you see that video of the Muslim rally in New York? This is no place to claim Sharia rights. You are not welcome here!,"The rally you are referring to was not about demanding Sharia rights but was actually a demonstration against Islamophobia, supported by a diverse group of Muslim, Jewish, and Christian organizations. Misrepresenting such events only feeds into harmful stereotypes and misinformation; in reality, Sharia law is more about personal guidance for Muslims rather than a legal framework intended to govern others, and no U.S. court has ever ruled based on it.","The rally you are referring to was not about demanding Sharia rights but was actually a demonstration against Islamophobia, supported by a diverse group of Muslim, Jewish, and Christian organizations. Misrepresenting such events only feeds into harmful stereotypes and misinformation; in reality, Sharia law is more about personal guidance for Muslims rather than a legal framework intended to govern others, and no U.S. court has ever ruled based on it.",NGO + Fact-Checkers,muslims,"[27, 29]",2449.0,FC,https://www.factcheck.org/2019/04/deceptive-facebook-post-distorts-rally-against-hate/,"['https://www.learningforjustice.org/magazine/spring-2017/busting-common-myths-about-islam', 'https://communitiesinc.org.uk/islam-mythbuster/']","['3', '2']",0.0
2488,Did you see that video of the World Cup opening in Qatar with kids reciting the Quran? Unbelievable how Muslims are trying to push their religion on everyone!,"The opening of the World Cup featuring children reciting the Quran highlights the beauty of cultural exchange, not a push to impose beliefs. It's important to remember that Muslims, like people of all faiths, can share their traditions while respecting others, as the Quran emphasizes the dignity and worth of every individual, regardless of their background.","I don't know about this event in particular, but similar occasions only highlight the beauty of cultural exchange, not a push to impose beliefs. It's important to keep in mind that Muslims, like people of all faiths, can share their traditions while still respecting others, as the Quran emphasizes the dignity and worth of every individual, regardless of their background.",NGO,muslims,"[27, 32]",,NGO,,"['https://www.learningforjustice.org/magazine/spring-2017/busting-common-myths-about-islam', 'https://communitiesinc.org.uk/islam-mythbuster/']","['3', '5']",0.304
2666,Did you see that video of the World Cup opening in Qatar with kids reciting the Quran? Unbelievable how Muslims are trying to push their religion on everyone!,"It's important to clarify that the video in question was not from the World Cup opening but from a previous stadium inauguration, demonstrating how misinformation can shape perceptions. Furthermore, the Quran encourages respect for all faiths and emphasizes the protection of religious sites, highlighting that Islam promotes coexistence rather than imposing beliefs on others.","It's important to clarify that the video in question was not from the World Cup opening but from a previous stadium inauguration, demonstrating how misinformation can shape perceptions. Furthermore, the Quran encourages respect for all faiths and emphasizes the protection of religious sites, highlighting that Islam promotes coexistence rather than imposing beliefs on others.",NGO + Fact-Checkers,muslims,"[27, 32]",710.0,NGO,https://apnews.com/article/fact-check-world-cup-qatar-quran-314063624685,"['https://www.learningforjustice.org/magazine/spring-2017/busting-common-myths-about-islam', 'https://communitiesinc.org.uk/islam-mythbuster/']","['3', '5']",0.0
2149,Did you see that video of the World Cup opening in Qatar with kids reciting the Quran? Unbelievable how Muslims are trying to push their religion on everyone!,"The claim that the World Cup opened with children reciting the Quran is false; the video circulating online was actually filmed during the inauguration of the Al Thumama Stadium in 2021, not during the tournament's opening ceremony. The actual opening ceremony took place at Al Bayt Stadium, where the focus was on inclusivity, featuring interactions that highlighted cultural representation, rather than promoting a specific religion.","The video circulating online was actually filmed during the inauguration of the Al Thumama Stadium in 2021. The World Cup did not open with children reciting the Quran, and the actual opening ceremony focused on inclusivity but did not promote a specific religion.",Fact-Checkers,muslims,,710.0,FC,https://apnews.com/article/fact-check-world-cup-qatar-quran-314063624685,,,0.585
2233,Did you see that WA State just passed a law that let the government take the kids away if their parents don't agree to gender transition surgery? We can't keep bowing to every demand they make.,"The claim that Washington State's new law allows the government to take children away from their parents if they disagree with gender transition surgery is false; the legislation does not include any provisions for child removal in such cases. Instead, it aims to assist homeless youth who have run away from home and provides resources for family reunification and support, emphasizing the importance of communication and care rather than separation.","The claim that Washington State's new law allows the government to take children away from their parents if they disagree with gender transition surgery is false; the legislation does not include any provisions for child removal in such cases. Instead, it aims to assist homeless youth who have run away from home and provides resources for family reunification and support, emphasizing the importance of communication and care rather than separation.",Fact-Checkers,LGBTQIA+ community,,4162.0,FC,https://leadstories.com/hoax-alert/2023/04/fact-check-washington-state-bill-does-not-allow-government-to-take-minor-children-away-from-parents-if-they-refuse-to-agree-to-gender-transition-surgery.html,,,0.0
2366,Did you see that WA State just passed a law that let the government take the kids away if their parents don't agree to gender transition surgery? We can't keep bowing to every demand they make.,"It's important to clarify that the new law in WA State is aimed at ensuring all children, including those questioning their gender identity, have access to necessary medical care, which many families support. This legislation does not take away parental rights but rather seeks to protect the well-being of children who may be facing discrimination or misunderstanding based on their gender identity.","The new law in WA State is aimed at ensuring all children, including those questioning their gender identity, have access to necessary medical care, which many families support. This legislation does not take away parental rights but rather seeks to protect the well-being of children who may be facing discrimination or misunderstanding based on their gender identity.",NGO,LGBTQIA+ community,"[196, 222, 223, 225, 226, 251]",,NGO,,"['https://www.pgaction.org/inclusion/pdf/myths-v-realities.pdf', 'https://efcl.org/wp-content/uploads/2020/04/LGBTQ-Myth-Busting-the-LGBTQ-Community.pdf', 'https://efcl.org/wp-content/uploads/2020/04/LGBTQ-Myth-Busting-the-LGBTQ-Community.pdf', 'https://efcl.org/wp-content/uploads/2020/04/LGBTQ-Myth-Busting-the-LGBTQ-Community.pdf', 'https://efcl.org/wp-content/uploads/2020/04/LGBTQ-Myth-Busting-the-LGBTQ-Community.pdf', 'https://www.coolmindshk.com/en/top-5-myths-about-lgbt-mental-health/']","['4', '13', '14', '16', '18', '5']",0.097
2402,Did you see that WA State just passed a law that let the government take the kids away if their parents don't agree to gender transition surgery? We can't keep bowing to every demand they make.,"It's important to clarify that the recent legislation in Washington State does not permit the government to take children away from their parents based solely on disagreements over gender transition surgery. Instead, it aims to offer support and resources for youth who may be facing significant challenges at home, ensuring their safety and well-being without removing them from their families.","It's important to clarify that the recent legislation in Washington State does not permit the government to take children away from their parents based solely on disagreements over gender transition surgery. Instead, it aims to offer support and resources for youth who may be facing significant challenges at home, ensuring their safety and well-being without removing them from their families.",NGO + Fact-Checkers,LGBTQIA+ community,"[196, 222, 223, 225, 226, 251]",4162.0,NGO,https://leadstories.com/hoax-alert/2023/04/fact-check-washington-state-bill-does-not-allow-government-to-take-minor-children-away-from-parents-if-they-refuse-to-agree-to-gender-transition-surgery.html,"['https://www.pgaction.org/inclusion/pdf/myths-v-realities.pdf', 'https://efcl.org/wp-content/uploads/2020/04/LGBTQ-Myth-Busting-the-LGBTQ-Community.pdf', 'https://efcl.org/wp-content/uploads/2020/04/LGBTQ-Myth-Busting-the-LGBTQ-Community.pdf', 'https://efcl.org/wp-content/uploads/2020/04/LGBTQ-Myth-Busting-the-LGBTQ-Community.pdf', 'https://efcl.org/wp-content/uploads/2020/04/LGBTQ-Myth-Busting-the-LGBTQ-Community.pdf', 'https://www.coolmindshk.com/en/top-5-myths-about-lgbt-mental-health/']","['4', '13', '14', '16', '18', '5']",0.0
2115,Disabled people are just lazy and don't want to work. They should stop relying on the UK government programs and get off their couches!,"It's important to recognize that the belief that disabled people are lazy overlooks the significant contributions they make to society and the workforce. In fact, research shows that individuals with disabilities can be just as productive as their non-disabled peers, and many have developed unique skills and perspectives that enhance their employability and enrich their workplaces.","It's important to recognize that the belief that disabled people are lazy overlooks the significant contributions they make to society and the workforce. In fact, research shows that individuals with disabilities can be just as productive as their non-disabled peers, and many have developed unique skills and perspectives that enhance their employability and enrich their workplaces. They also have an increasing presence in the labour market. In Britain, for example, nearly one million people with disabilities are currently employed",NGO + Fact-Checkers,people with disabilities,"[260, 268, 271, 272, 273]",7903.0,NGO,https://fullfact.org/economy/counting-esther-mcveys-record-employment/,"['https://simpl4all.eu/news/embracing-diversity-challenging-stereotypes-of-people-with-disabilities-and-learning-difficulties/#:~:text=People%20with%20disabilities%20lack%20independence,disabilities%20lead%20fulfilling%2C%20independent%20lives.', 'https://cpdonline.co.uk/knowledge-base/care/addressing-myths-misconceptions-about-disability', 'https://www.thearcbc.org/blog/disability-employment-misconceptions', 'https://www.thearcbc.org/blog/disability-employment-misconceptions', 'https://www.thearcbc.org/blog/disability-employment-misconceptions']","['3', '2', '1', '2', '3']",0.411
2122,Disabled people are just lazy and don't want to work. They should stop relying on the UK government programs and get off their couches!,"It is a misconception that disabled people are lazy; in fact, there has been a significant increase in employment among individuals with disabilities, with over 900,000 more disabled people in work since the launch of the Disability Confident program in 2013. Employment among disabled individuals has risen due to various factors, including increased awareness and reporting of disabilities, rather than a simple reliance on government programs.","It is a misconception that disabled people are lazy; in fact, there has been a significant increase in employment among individuals with disabilities, with over 900,000 more disabled people in work since the launch of the Disability Confident program in 2013. Employment among disabled individuals has risen due to various factors, including increased awareness and reporting of disabilities, rather than a simple reliance on government programs.",Fact-Checkers,people with disabilities,,7903.0,FC,https://fullfact.org/economy/counting-esther-mcveys-record-employment/,,,0.0
2388,Disabled people are just lazy and don't want to work. They should stop relying on the UK government programs and get off their couches!,"It's important to remember that individuals with disabilities often possess unique strengths and talents that contribute positively to the workplace. Many people with disabilities are capable of performing meaningful work and achieving professional success, demonstrating that their contributions are valuable and should be recognized rather than dismissed.","Individuals with disabilities often possess unique strengths and talents that contribute positively to the workplace. Many people with disabilities are capable of performing meaningful work and achieving professional success, demonstrating that their contributions are valuable and should be recognised rather than dismissed.",NGO,people with disabilities,"[260, 268, 271, 272, 273]",,NGO,,"['https://simpl4all.eu/news/embracing-diversity-challenging-stereotypes-of-people-with-disabilities-and-learning-difficulties/#:~:text=People%20with%20disabilities%20lack%20independence,disabilities%20lead%20fulfilling%2C%20independent%20lives.', 'https://cpdonline.co.uk/knowledge-base/care/addressing-myths-misconceptions-about-disability', 'https://www.thearcbc.org/blog/disability-employment-misconceptions', 'https://www.thearcbc.org/blog/disability-employment-misconceptions', 'https://www.thearcbc.org/blog/disability-employment-misconceptions']","['3', '2', '1', '2', '3']",0.149
2411,Disabled people are so lazy! They take advantage of British taxpayers' money and refuse to work.,"It's important to recognize that the notion of laziness among disabled people is rooted in harmful stereotypes and misconceptions. In reality, many individuals with disabilities are capable of meaningful work and contribute positively to the workforce, often showing remarkable resilience and creativity that can enhance productivity and innovation in various fields.","The notion of laziness among people with disabilities is rooted in harmful stereotypes and misconceptions. In reality, many individuals with disabilities are capable of meaningful work and contribute positively to the workforce, often showing remarkable resilience and creativity that can enhance productivity and innovation in various fields.",NGO + Fact-Checkers,people with disabilities,"[260, 268, 271, 272, 273]",7737.0,NGO,https://fullfact.org/economy/are-people-mental-health-conditions-now-receiving-higher-disability-benefit-payments/,"['https://simpl4all.eu/news/embracing-diversity-challenging-stereotypes-of-people-with-disabilities-and-learning-difficulties/#:~:text=People%20with%20disabilities%20lack%20independence,disabilities%20lead%20fulfilling%2C%20independent%20lives.', 'https://cpdonline.co.uk/knowledge-base/care/addressing-myths-misconceptions-about-disability', 'https://www.thearcbc.org/blog/disability-employment-misconceptions', 'https://www.thearcbc.org/blog/disability-employment-misconceptions', 'https://www.thearcbc.org/blog/disability-employment-misconceptions']","['3', '2', '1', '2', '3']",0.176
2121,Disabled people are so lazy! They take advantage of British taxpayers' money and refuse to work.,"The assertion that disabled individuals are lazy and exploit taxpayers' money is unfounded; in fact, fewer people are claiming the newer Personal Independence Payment (PIP) compared to the previous Disability Living Allowance (DLA), indicating stricter eligibility and reduced costs to the government. Additionally, while the percentage of claimants receiving higher payments has increased, this does not equate to all claimants being better off, as many have seen their benefits decrease or eliminated entirely under the new system.","The assertion that disabled individuals are lazy and exploit taxpayers' money is unfounded; in fact, fewer people are claiming the newer Personal Independence Payment (PIP) compared to the previous Disability Living Allowance (DLA), indicating stricter eligibility and reduced costs to the government. Additionally, while the percentage of claimants receiving higher payments has increased, this does not equate to all claimants being better off, as many have seen their benefits decrease or eliminated entirely under the new system.",Fact-Checkers,people with disabilities,,7737.0,FC,https://fullfact.org/economy/are-people-mental-health-conditions-now-receiving-higher-disability-benefit-payments/,,,0.0
2379,Disabled people are so lazy! They take advantage of British taxpayers' money and refuse to work.,"It's important to remember that individuals with disabilities often possess unique strengths and skills that can make them valuable employees. Contrary to the stereotype that they are lazy and unproductive, many people with disabilities excel in various fields and contribute meaningfully to society when given the opportunity and appropriate support.","Individuals with disabilities often possess unique strengths and skills that can make them valuable employees. Contrary to the stereotype that they are lazy and unproductive, many people with disabilities excel in various fields and contribute meaningfully to society when given the opportunity and appropriate support.",NGO,people with disabilities,"[260, 268, 271, 272, 273]",,NGO,,"['https://simpl4all.eu/news/embracing-diversity-challenging-stereotypes-of-people-with-disabilities-and-learning-difficulties/#:~:text=People%20with%20disabilities%20lack%20independence,disabilities%20lead%20fulfilling%2C%20independent%20lives.', 'https://cpdonline.co.uk/knowledge-base/care/addressing-myths-misconceptions-about-disability', 'https://www.thearcbc.org/blog/disability-employment-misconceptions', 'https://www.thearcbc.org/blog/disability-employment-misconceptions', 'https://www.thearcbc.org/blog/disability-employment-misconceptions']","['3', '2', '1', '2', '3']",0.12
2415,Disabled shouldn't get all this attention from the Indian government. They are just a burden on society and shouldn't have any rights.,"It's crucial to recognize that individuals with disabilities are not burdens; many actively contribute to society and can lead fulfilling, independent lives through the right support and accommodations. Rather than viewing disability as a limitation, we should celebrate the diverse abilities and achievements of people with disabilities, who have proven themselves in various fields, making significant contributions to our communities.","Individuals with disabilities are not burdens; many actively contribute to society and can lead fulfilling, independent lives through the right support and accommodations. Rather than viewing disability as a limitation, we should celebrate the diverse abilities and achievements of people with disabilities, who have proven themselves in various fields, making significant contributions to our communities.",NGO + Fact-Checkers,people with disabilities,"[258, 261, 262, 263, 264, 268, 270, 271, 272]",2759.0,NGO,https://factly.in/rights-of-persons-with-disabilities-act/,"['https://simpl4all.eu/news/embracing-diversity-challenging-stereotypes-of-people-with-disabilities-and-learning-difficulties/#:~:text=People%20with%20disabilities%20lack%20independence,disabilities%20lead%20fulfilling%2C%20independent%20lives.', 'https://simpl4all.eu/news/embracing-diversity-challenging-stereotypes-of-people-with-disabilities-and-learning-difficulties/#:~:text=People%20with%20disabilities%20lack%20independence,disabilities%20lead%20fulfilling%2C%20independent%20lives.', 'https://www.unh.edu/diversity-inclusion/accessible/disability-101/misconceptions-about-disability#:~:text=Misconception%201%3A%20Disability%20means%20inability&text=People%20with%20disabilities%20can%20and,and%20thriving%20in%20higher%20education.', 'https://www.unh.edu/diversity-inclusion/accessible/disability-101/misconceptions-about-disability#:~:text=Misconception%201%3A%20Disability%20means%20inability&text=People%20with%20disabilities%20can%20and,and%20thriving%20in%20higher%20education.', 'https://www.unh.edu/diversity-inclusion/accessible/disability-101/misconceptions-about-disability#:~:text=Misconception%201%3A%20Disability%20means%20inability&text=People%20with%20disabilities%20can%20and,and%20thriving%20in%20higher%20education.', 'https://cpdonline.co.uk/knowledge-base/care/addressing-myths-misconceptions-about-disability', 'https://cpdonline.co.uk/knowledge-base/care/addressing-myths-misconceptions-about-disability', 'https://www.thearcbc.org/blog/disability-employment-misconceptions', 'https://www.thearcbc.org/blog/disability-employment-misconceptions']","['1', '4', '1', '2', '3', '2', '4', '1', '2']",0.1
2137,Disabled shouldn't get all this attention from the Indian government. They are just a burden on society and shouldn't have any rights.,"The assertion that disabled individuals are merely a burden on society is incorrect; rather, they have the right to social empowerment and inclusion, as outlined in the Rights of Persons with Disabilities Act, which recognizes 21 types of disabilities and mandates provisions for their education and participation in society. This legislation not only aims to protect their rights but also acknowledges the potential contributions of disabled individuals to society, promoting a more inclusive community for everyone.","The assertion that disabled individuals are merely a burden on society is incorrect; rather, they have the right to social empowerment and inclusion, as outlined in the Rights of Persons with Disabilities Act, which recognizes 21 types of disabilities and mandates provisions for their education and participation in society. This legislation not only aims to protect their rights but also acknowledges the potential contributions of disabled individuals to society, promoting a more inclusive community for everyone.",Fact-Checkers,people with disabilities,,2759.0,FC,https://factly.in/rights-of-persons-with-disabilities-act/,,,0.0
2383,Disabled shouldn't get all this attention from the Indian government. They are just a burden on society and shouldn't have any rights.,"It is important to recognize that individuals with disabilities are not burdens but valuable members of society who can contribute significantly when given the right opportunities and support. Many people with disabilities lead independent, fulfilling lives and excel in various fields, demonstrating that disability does not equate to inability or a lack of potential.","IIndividuals with disabilities are not burdens but valuable members of society who can contribute significantly when given the right opportunities and support. Many people with disabilities lead independent, fulfilling lives and excel in various fields, demonstrating that disability does not equate to inability or a lack of potential.",NGO,people with disabilities,"[258, 261, 262, 263, 264, 268, 270, 271, 272]",,NGO,,"['https://simpl4all.eu/news/embracing-diversity-challenging-stereotypes-of-people-with-disabilities-and-learning-difficulties/#:~:text=People%20with%20disabilities%20lack%20independence,disabilities%20lead%20fulfilling%2C%20independent%20lives.', 'https://simpl4all.eu/news/embracing-diversity-challenging-stereotypes-of-people-with-disabilities-and-learning-difficulties/#:~:text=People%20with%20disabilities%20lack%20independence,disabilities%20lead%20fulfilling%2C%20independent%20lives.', 'https://www.unh.edu/diversity-inclusion/accessible/disability-101/misconceptions-about-disability#:~:text=Misconception%201%3A%20Disability%20means%20inability&text=People%20with%20disabilities%20can%20and,and%20thriving%20in%20higher%20education.', 'https://www.unh.edu/diversity-inclusion/accessible/disability-101/misconceptions-about-disability#:~:text=Misconception%201%3A%20Disability%20means%20inability&text=People%20with%20disabilities%20can%20and,and%20thriving%20in%20higher%20education.', 'https://www.unh.edu/diversity-inclusion/accessible/disability-101/misconceptions-about-disability#:~:text=Misconception%201%3A%20Disability%20means%20inability&text=People%20with%20disabilities%20can%20and,and%20thriving%20in%20higher%20education.', 'https://cpdonline.co.uk/knowledge-base/care/addressing-myths-misconceptions-about-disability', 'https://cpdonline.co.uk/knowledge-base/care/addressing-myths-misconceptions-about-disability', 'https://www.thearcbc.org/blog/disability-employment-misconceptions', 'https://www.thearcbc.org/blog/disability-employment-misconceptions']","['1', '4', '1', '2', '3', '2', '4', '1', '2']",0.13
2401,Even the Pope agrees that we should kill disabled people. They're a burden on society.,"It is simply not true that the Pope advocates for the killing of disabled individuals, as he has consistently opposed euthanasia, emphasizing the sanctity of life and the need for compassionate care. Additionally, the belief that people with disabilities are a burden is a harmful stereotype; in reality, many individuals with disabilities lead independent lives and make significant contributions across various sectors, showcasing their unique talents and capabilities.","It is not true. The Pope never advocated for the killing of disabled individuals, as he has consistently opposed euthanasia, emphasising the sanctity of life and the need for compassionate care. Additionally, the belief that people with disabilities are a burden is a harmful stereotype; in reality, many individuals with disabilities lead independent lives and make significant contributions across various sectors, showcasing their unique talents and capabilities.",NGO + Fact-Checkers,people with disabilities,"[258, 261, 263, 264, 268, 270, 271, 272]",4188.0,NGO,https://leadstories.com/hoax-alert/2023/07/fact-check-pope-francis-did-not-say-alcoholics-autistic-and-disabled-people-should-be-euthanized-to-fight-climate-change.html,"['https://simpl4all.eu/news/embracing-diversity-challenging-stereotypes-of-people-with-disabilities-and-learning-difficulties/#:~:text=People%20with%20disabilities%20lack%20independence,disabilities%20lead%20fulfilling%2C%20independent%20lives.', 'https://simpl4all.eu/news/embracing-diversity-challenging-stereotypes-of-people-with-disabilities-and-learning-difficulties/#:~:text=People%20with%20disabilities%20lack%20independence,disabilities%20lead%20fulfilling%2C%20independent%20lives.', 'https://www.unh.edu/diversity-inclusion/accessible/disability-101/misconceptions-about-disability#:~:text=Misconception%201%3A%20Disability%20means%20inability&text=People%20with%20disabilities%20can%20and,and%20thriving%20in%20higher%20education.', 'https://www.unh.edu/diversity-inclusion/accessible/disability-101/misconceptions-about-disability#:~:text=Misconception%201%3A%20Disability%20means%20inability&text=People%20with%20disabilities%20can%20and,and%20thriving%20in%20higher%20education.', 'https://cpdonline.co.uk/knowledge-base/care/addressing-myths-misconceptions-about-disability', 'https://cpdonline.co.uk/knowledge-base/care/addressing-myths-misconceptions-about-disability', 'https://www.thearcbc.org/blog/disability-employment-misconceptions', 'https://www.thearcbc.org/blog/disability-employment-misconceptions']","['1', '4', '2', '3', '2', '4', '1', '2']",0.103
2232,Even the Pope agrees that we should kill disabled people. They're a burden on society.,"The claim that Pope Francis supports the killing of disabled people is false; he has repeatedly condemned euthanasia and affirmed the value of all human life, including those with disabilities. The Catholic Church maintains that life is a divine gift and opposes any form of euthanasia or physician-assisted suicide, emphasizing the importance of providing care and support to those in need.","The claim that Pope Francis supports the killing of disabled people is false; he has repeatedly condemned euthanasia and affirmed the value of all human life, including those with disabilities. The Catholic Church maintains that life is a divine gift and opposes any form of euthanasia or physician-assisted suicide, emphasizing the importance of providing care and support to those in need.",Fact-Checkers,people with disabilities,,4188.0,FC,https://leadstories.com/hoax-alert/2023/07/fact-check-pope-francis-did-not-say-alcoholics-autistic-and-disabled-people-should-be-euthanized-to-fight-climate-change.html,,,0.0
2365,Even the Pope agrees that we should kill disabled people. They're a burden on society.,"It is important to recognize that people with disabilities can lead fulfilling and independent lives, contributing meaningfully to society in various fields such as arts, sciences, and business. Viewing individuals with disabilities as burdens undermines their potential and overlooks their many achievements, which enrich our communities and challenge the myth that disability equals inability.","It is not true. People with disabilities can lead fulfilling and independent lives, contributing meaningfully to society in various fields such as arts, sciences, and business. Seeing individuals with disabilities as burdens undermines their potential and overlooks their many achievements, which enrich our communities and challenge the myth that disability equals inability.",NGO,people with disabilities,"[258, 261, 263, 264, 268, 270, 271, 272]",,NGO,,"['https://simpl4all.eu/news/embracing-diversity-challenging-stereotypes-of-people-with-disabilities-and-learning-difficulties/#:~:text=People%20with%20disabilities%20lack%20independence,disabilities%20lead%20fulfilling%2C%20independent%20lives.', 'https://simpl4all.eu/news/embracing-diversity-challenging-stereotypes-of-people-with-disabilities-and-learning-difficulties/#:~:text=People%20with%20disabilities%20lack%20independence,disabilities%20lead%20fulfilling%2C%20independent%20lives.', 'https://www.unh.edu/diversity-inclusion/accessible/disability-101/misconceptions-about-disability#:~:text=Misconception%201%3A%20Disability%20means%20inability&text=People%20with%20disabilities%20can%20and,and%20thriving%20in%20higher%20education.', 'https://www.unh.edu/diversity-inclusion/accessible/disability-101/misconceptions-about-disability#:~:text=Misconception%201%3A%20Disability%20means%20inability&text=People%20with%20disabilities%20can%20and,and%20thriving%20in%20higher%20education.', 'https://cpdonline.co.uk/knowledge-base/care/addressing-myths-misconceptions-about-disability', 'https://cpdonline.co.uk/knowledge-base/care/addressing-myths-misconceptions-about-disability', 'https://www.thearcbc.org/blog/disability-employment-misconceptions', 'https://www.thearcbc.org/blog/disability-employment-misconceptions']","['1', '4', '2', '3', '2', '4', '1', '2']",0.111
1811,Even the Pope recognizes that disabled people are a burden to society and they should all be killed.,"The claim that Pope Francis believes disabled individuals are a burden and should be euthanized is entirely false. This misinformation originated from a discredited source known for spreading fake news, and there is no credible evidence or verified statement from the Pope supporting such a harmful notion.","The claim that Pope Francis believes disabled individuals are a burden and should be euthanized is entirely false. This misinformation originated from a discredited source known for spreading fake news, and there is no credible evidence or verified statement from the Pope supporting such a harmful notion.",Fact-Checkers,people with disabilities,,1469.0,FC,https://checkyourfact.com/2023/08/04/fact-check-pope-francis-alcoholics-climate-change/,,,0.0
1824,Even the Pope recognizes that disabled people are a burden to society and they should all be killed.,"The claim that disabled individuals are a burden to society and should be euthanized is not only factually incorrect but also rooted in harmful stereotypes. In reality, individuals with disabilities lead fulfilling lives and make significant contributions to society, highlighting the importance of recognizing their diverse abilities and potential rather than reducing them to mere burdens.","This claim is incorrect; Pope Francis had never expressed such attitude towards any of these groups, and the site reporting it is notorious for spreading fake news online. Besides, the claim that disabled individuals are a burden to society and should be euthanized is not only factually incorrect but also rooted in harmful stereotypes. In reality, individuals with disabilities lead fulfilling lives and make significant contributions to society, highlighting the importance of recognizing their diverse abilities and potential rather than reducing them to mere burdens.",NGO + Fact-Checkers,people with disabilities,"[258, 261, 262, 263, 265, 267, 268, 270]",1469.0,FC,https://checkyourfact.com/2023/08/04/fact-check-pope-francis-alcoholics-climate-change/,"['https://simpl4all.eu/news/embracing-diversity-challenging-stereotypes-of-people-with-disabilities-and-learning-difficulties/#:~:text=People%20with%20disabilities%20lack%20independence,disabilities%20lead%20fulfilling%2C%20independent%20lives.', 'https://simpl4all.eu/news/embracing-diversity-challenging-stereotypes-of-people-with-disabilities-and-learning-difficulties/#:~:text=People%20with%20disabilities%20lack%20independence,disabilities%20lead%20fulfilling%2C%20independent%20lives.', 'https://www.unh.edu/diversity-inclusion/accessible/disability-101/misconceptions-about-disability#:~:text=Misconception%201%3A%20Disability%20means%20inability&text=People%20with%20disabilities%20can%20and,and%20thriving%20in%20higher%20education.', 'https://www.unh.edu/diversity-inclusion/accessible/disability-101/misconceptions-about-disability#:~:text=Misconception%201%3A%20Disability%20means%20inability&text=People%20with%20disabilities%20can%20and,and%20thriving%20in%20higher%20education.', 'https://www.unh.edu/diversity-inclusion/accessible/disability-101/misconceptions-about-disability#:~:text=Misconception%201%3A%20Disability%20means%20inability&text=People%20with%20disabilities%20can%20and,and%20thriving%20in%20higher%20education.', 'https://cpdonline.co.uk/knowledge-base/care/addressing-myths-misconceptions-about-disability', 'https://cpdonline.co.uk/knowledge-base/care/addressing-myths-misconceptions-about-disability', 'https://cpdonline.co.uk/knowledge-base/care/addressing-myths-misconceptions-about-disability']","['1', '4', '1', '2', '4', '1', '2', '4']",0.536
1968,Even the Pope recognizes that disabled people are a burden to society and they should all be killed.,"The claim that people with disabilities are a burden overlooks the incredible contributions they make to society and the diverse, fulfilling lives they lead. Instead of viewing disability as a tragedy, we should celebrate the unique strengths and talents of individuals with disabilities, who enrich our communities and challenge stereotypes every day.","The claim that people with disabilities are a burden overlooks the incredible contributions they make to society and the diverse, fulfilling lives they lead. Instead of viewing disability as a tragedy, we should celebrate the unique strengths and talents of individuals with disabilities, who enrich our communities and challenge stereotypes every day.",NGO,people with disabilities,"[258, 261, 262, 263, 265, 267, 268, 270]",,NGO,,"['https://simpl4all.eu/news/embracing-diversity-challenging-stereotypes-of-people-with-disabilities-and-learning-difficulties/#:~:text=People%20with%20disabilities%20lack%20independence,disabilities%20lead%20fulfilling%2C%20independent%20lives.', 'https://simpl4all.eu/news/embracing-diversity-challenging-stereotypes-of-people-with-disabilities-and-learning-difficulties/#:~:text=People%20with%20disabilities%20lack%20independence,disabilities%20lead%20fulfilling%2C%20independent%20lives.', 'https://www.unh.edu/diversity-inclusion/accessible/disability-101/misconceptions-about-disability#:~:text=Misconception%201%3A%20Disability%20means%20inability&text=People%20with%20disabilities%20can%20and,and%20thriving%20in%20higher%20education.', 'https://www.unh.edu/diversity-inclusion/accessible/disability-101/misconceptions-about-disability#:~:text=Misconception%201%3A%20Disability%20means%20inability&text=People%20with%20disabilities%20can%20and,and%20thriving%20in%20higher%20education.', 'https://www.unh.edu/diversity-inclusion/accessible/disability-101/misconceptions-about-disability#:~:text=Misconception%201%3A%20Disability%20means%20inability&text=People%20with%20disabilities%20can%20and,and%20thriving%20in%20higher%20education.', 'https://cpdonline.co.uk/knowledge-base/care/addressing-myths-misconceptions-about-disability', 'https://cpdonline.co.uk/knowledge-base/care/addressing-myths-misconceptions-about-disability', 'https://cpdonline.co.uk/knowledge-base/care/addressing-myths-misconceptions-about-disability']","['1', '4', '1', '2', '4', '1', '2', '4']",0.0
1866,"Ever since that Sadiq Khan took office, crime in London has skyrocketed, and it's all because of Muslims taking over the city!","The claim that crime in London has skyrocketed due to Muslims taking over the city is misleading and lacks context. Data shows that while crime recorded by police in London increased by 5% in the year to March 2020, this rate of increase is actually slower than the 31% rise in total recorded crime across England during the same time period, indicating broader national trends rather than a specific issue linked to any particular community.","The claim that crime in London has skyrocketed due to Muslims taking over the city is misleading and lacks context. Data shows that while crime recorded by police in London increased by 5% in the year to March 2020, this rate of increase is actually slower than the 31% rise in total recorded crime across England during the same time period, indicating broader national trends rather than a specific issue linked to any particular community.",Fact-Checkers,muslims,,7749.0,FC,https://fullfact.org/crime/London-vs-england-2016-2020/,,,0.0
2040,"Ever since that Sadiq Khan took office, crime in London has skyrocketed, and it's all because of Muslims taking over the city!","It's important to understand that while there have been claims about rising crime rates in London, recent data shows that crime has increased at a slower rate in London compared to the rest of England since Sadiq Khan took office. Additionally, attributing crime to Muslims is not only misleading but ignores the significant contributions Muslims have made to British society, including over £30 billion to the economy each year, as well as their involvement in fighting for Britain in both World Wars.","It's important to understand that although there have been claims of rising crime rates in London, the data is often incomplete or presented without context, and these changes are not related to Sadiq Khan taking office. Furthermore, attributing crime to Muslims is misleading and ignores their significant contributions to British society. For example, Muslims contribute over £30 billion to the economy each year, and many fought for Britain in both world wars.",NGO + Fact-Checkers,muslims,"[5, 30, 33]",7749.0,NGO,https://fullfact.org/crime/London-vs-england-2016-2020/,"['https://www.learningforjustice.org/sites/default/files/general/tt_debunking_misconceptions_0.pdf', 'https://communitiesinc.org.uk/islam-mythbuster/', 'https://communitiesinc.org.uk/islam-mythbuster/']","['1', '3', '6']",0.524
2676,"Ever since that Sadiq Khan took office, crime in London has skyrocketed, and it's all because of Muslims taking over the city!","It's important to recognize that crime rates are influenced by a variety of complex factors, and attributing such issues to a specific community unfairly perpetuates negative stereotypes. In fact, Muslims have made significant contributions to British society and continue to play a vital role in fostering diverse and thriving communities, with many condemning violence and terrorism as a betrayal of their faith.","It's important to recognize that crime rates are influenced by a variety of complex factors, and attributing such issues to a specific community unfairly perpetuates negative stereotypes. In fact, Muslims have made significant contributions to British society and continue to play a vital role in fostering diverse and thriving communities, with many condemning violence and terrorism as a betrayal of their faith.",NGO,muslims,"[5, 30, 33]",,NGO,,"['https://www.learningforjustice.org/sites/default/files/general/tt_debunking_misconceptions_0.pdf', 'https://communitiesinc.org.uk/islam-mythbuster/', 'https://communitiesinc.org.uk/islam-mythbuster/']","['1', '3', '6']",0.0
2259,Every Muslim and mosque needs to be removed from America! Those places are a den of terrorists.,"There has been no evidence or confirmation of a raid on a mosque that resulted in the arrest of terrorists in America; in fact, the FBI has stated that the story circulating about such an event is entirely false. Mosques are places of worship and community, and the portrayal of them as ""dens of terrorists"" is based on misinformation, as the claims have been debunked by reliable sources.","No. There has been no evidence or confirmation of a raid on a mosque that resulted in the arrest of terrorists in America; in fact, the FBI has stated that the story circulating about such an event near Dearborn Michigan that led to the arrest of 11 would-be terrorist is entirely false. The claim originated from a website that describes itself as ""Everything on this website is fiction"", but it was posted by other sites without the disclaimer. The whole story is made-up — except the name of the city, Dearborn, which is a frequent target for false stories because it has a large Arab American population.",Fact-Checkers,muslims,,2360.0,FC,https://www.factcheck.org/2018/01/bogus-claim-mosque-raid/,,,0.956
2450,Every Muslim and mosque needs to be removed from America! Those places are a den of terrorists.,"It's important to recognize that the narrative linking all Muslims and mosques to terrorism is not only misleading but also harmful. The vast majority of Muslims are peaceful individuals who condemn violence, and they often bear the brunt of terrorism themselves, as they are seven times more likely to be victims of terror than non-Muslims; thus, it is essential to challenge these misconceptions and promote understanding instead of division.","It's important to recognize that the narrative linking all Muslims and mosques to terrorism is not only misleading but also harmful. The vast majority of Muslims are peaceful individuals who condemn violence, and they often bear the brunt of terrorism themselves, as they are seven times more likely to be victims of terror than non-Muslims; thus, it is essential to challenge these misconceptions and promote understanding instead of division.",NGO + Fact-Checkers,muslims,"[2, 5, 33]",2360.0,FC,https://www.factcheck.org/2018/01/bogus-claim-mosque-raid/,"['https://www.adl.org/sites/default/files/myths-and-facts-about-muslim-people-and-islam.pdf', 'https://www.learningforjustice.org/sites/default/files/general/tt_debunking_misconceptions_0.pdf', 'https://communitiesinc.org.uk/islam-mythbuster/']","['2', '1', '6']",0.0
1935,Every Muslim and mosque needs to be removed from America! Those places are a den of terrorists.,"It's important to recognize that the vast majority of Muslims are peaceful individuals who reject violence and terrorism, viewing extremist interpretations as a distortion of their faith. Furthermore, Muslims themselves suffer disproportionately from acts of terrorism, making it clear that the real threats to safety come from a wide range of extremist ideologies, not from Islam or its places of worship.","It's important to recognize that equating an entire community with the actions of a few is both harmful and inaccurate. Islam, like other major world religions, promotes peace, compassion, and justice. As Ameena Jandali from the Islamic Networks Group explains, “Islam totally prohibits terrorism—there is no text that endorses that.” Mosques are places of worship, community support, and education—not violence. Demonizing an entire group only fuels division and fear, rather than working toward safety and understanding for all.",NGO,muslims,"[2, 5, 33]",,NGO,,"['https://www.adl.org/sites/default/files/myths-and-facts-about-muslim-people-and-islam.pdf', 'https://www.learningforjustice.org/sites/default/files/general/tt_debunking_misconceptions_0.pdf', 'https://communitiesinc.org.uk/islam-mythbuster/']","['2', '1', '6']",1.148
2441,Fake women like Lia Thomas should never be allowed to swim with the women's team. It's unfair to real women!,"Lia Thomas, a transgender athlete, competed on the University of Pennsylvania women's swimming team after undergoing hormone therapy and has since graduated, meaning she is no longer part of the team. Claims that she has joined a men's team are false and originated from a satirical website that intentionally produces fake news, highlighting the importance of verifying information before sharing it.","Lia Thomas, a transgender athlete, competed on the University of Pennsylvania women's swimming team after undergoing hormone therapy and has since graduated, meaning she is no longer part of the team. Claims that she has joined a men's team are false and originated from a satirical website that intentionally produces fake news, highlighting the importance of verifying information before sharing it.",Fact-Checkers,LGBTQIA+ community,,2619.0,FC,https://www.factcheck.org/2023/12/fake-story-about-trans-athlete-spreads-online/,,,0.0
2453,Fake women like Lia Thomas should never be allowed to swim with the women's team. It's unfair to real women!,"It is important to recognize that Lia Thomas, a transgender woman, has competed fairly within the rules established by her sport after transitioning and completing hormone therapy, which is a standard practice for transgender athletes. The claim that she is ""fake"" and should not compete reflects a misunderstanding of the basic human rights that all individuals, regardless of their gender identity, are entitled to, and it overlooks the fact that there are no special rights being sought for LGBTI people—only the same rights that everyone deserves.","It is important to recognize that Lia Thomas, a transgender woman, has competed fairly within the rules established by her sport after transitioning and completing hormone therapy, which is a standard practice for transgender athletes. The claim that she is ""fake"" and should not compete reflects a misunderstanding of the basic human rights that all individuals, regardless of their gender identity, are entitled to, and it overlooks the fact that there are no special rights being sought for LGBTI people—only the same rights that everyone deserves.",NGO + Fact-Checkers,LGBTQIA+ community,"[196, 209]",2619.0,FC,https://www.factcheck.org/2023/12/fake-story-about-trans-athlete-spreads-online/,"['https://www.pgaction.org/inclusion/pdf/myths-v-realities.pdf', 'https://www.nata.org/sites/default/files/2025-07/myths_misconceptions.pdf']","['4', '5']",0.0
2025,Fake women like Lia Thomas should never be allowed to swim with the women's team. It's unfair to real women!,"Lia Thomas, like all athletes, deserves the opportunity to compete and express herself in a supportive environment, which is a fundamental human right we should all advocate for. It's essential to recognize that inclusion in sports benefits everyone and fosters a sense of community, while promoting mutual respect and understanding among all athletes, regardless of their gender identity.","Lia Thomas, like all athletes, deserves the opportunity to compete and express herself in a supportive environment, which is a fundamental human right we should all advocate for. It's essential to recognize that inclusion in sports benefits everyone and fosters a sense of community, while promoting mutual respect and understanding among all athletes, regardless of their gender identity.",NGO,LGBTQIA+ community,"[196, 209]",,NGO,,"['https://www.pgaction.org/inclusion/pdf/myths-v-realities.pdf', 'https://www.nata.org/sites/default/files/2025-07/myths_misconceptions.pdf']","['4', '5']",0.0
2396,"Getting a Driver License, Medical Insurance and housing when entering the US border illegally? We should keep migrants out instead of rewarding them!","It's important to recognize that immigrants, including those who may enter without documentation, contribute significantly to our economy and communities. Many come seeking safety and a better life, and with limited support upon arrival, they quickly work to repay that support by filling essential roles and contributing to the tax base, ultimately enhancing the well-being of our society as a whole.","Immigrants, including those who may enter without documentation, significantly contribute to our economy and communities. Many come seeking safety and a better life, and with limited support upon arrival, they quickly work to repay that support by filling essential roles and contributing to the tax base, ultimately enhancing the well-being of our society as a whole.",NGO,migrants,"[39, 51, 91, 93, 100]",,NGO,,"['https://worldrelief.org/blog-immigration-myths/', 'https://edmo.eu/publications/disinformers-use-similar-arguments-and-techniques-to-steer-hate-against-migrants-from-ukraine-or-the-global-south-2/#:~:text=FALSE%20NARRATIVE%20%231%20%E2%80%93%20Migrants%20are,a%20danger%20for%20European%20societies.', 'https://iine.org/2024/04/dispelling-10-common-myths-about-immigrants-and-refugees/', 'https://iine.org/2024/04/dispelling-10-common-myths-about-immigrants-and-refugees/', 'https://www.learningforjustice.org/magazine/spring-2011/ten-myths-about-immigration']","['1', '2a', '3', '6', '1']",0.131
2249,"Getting a Driver License, Medical Insurance and housing when entering the US border illegally? We should keep migrants out instead of rewarding them!","The claim that migrants who enter the U.S. illegally receive benefits such as driver’s licenses, medical insurance, and housing is misleading. While some states may issue driver’s licenses regardless of immigration status, most unauthorized immigrants are not eligible for government health care programs or federal benefits, and federal law prohibits them from voting in federal elections.","The claim that migrants who enter the U.S. illegally receive benefits such as driver’s licenses, medical insurance, and housing is misleading. While some states may issue driver’s licenses regardless of immigration status, most unauthorized immigrants are not eligible for government health care programs or federal benefits, and federal law prohibits them from voting in federal elections.",Fact-Checkers,migrants,,2418.0,FC,https://www.factcheck.org/2018/11/meme-misleads-on-benefits-of-illegal-immigration/,,,0.0
2032,"Getting a Driver License, Medical Insurance and housing when entering the US border illegally? We should keep migrants out instead of rewarding them!","It's important to understand that the claim about migrants receiving extensive benefits like driver licenses and medical insurance is misleading; in reality, most undocumented immigrants do not qualify for government health care programs and only receive limited support that is often temporary. Furthermore, immigrants contribute significantly to the economy, filling essential roles and paying more in taxes than they receive in benefits, showing that their presence creates more opportunities rather than draining our resources.","It's important to understand that the claim about migrants receiving extensive benefits like driver licenses and medical insurance is misleading; in reality, most undocumented immigrants do not qualify for government health care programs and only receive limited support that is often temporary. Furthermore, immigrants contribute significantly to the economy, filling essential roles and paying more in taxes than they receive in benefits, showing that their presence creates more opportunities rather than draining our resources.",NGO + Fact-Checkers,migrants,"[39, 51, 91, 93, 100]",2418.0,NGO,https://www.factcheck.org/2018/11/meme-misleads-on-benefits-of-illegal-immigration/,"['https://worldrelief.org/blog-immigration-myths/', 'https://edmo.eu/publications/disinformers-use-similar-arguments-and-techniques-to-steer-hate-against-migrants-from-ukraine-or-the-global-south-2/#:~:text=FALSE%20NARRATIVE%20%231%20%E2%80%93%20Migrants%20are,a%20danger%20for%20European%20societies.', 'https://iine.org/2024/04/dispelling-10-common-myths-about-immigrants-and-refugees/', 'https://iine.org/2024/04/dispelling-10-common-myths-about-immigrants-and-refugees/', 'https://www.learningforjustice.org/magazine/spring-2011/ten-myths-about-immigration']","['1', '2a', '3', '6', '1']",0.0
2426,"Harvard is teaching medical students to treat transgender infants, which is just absurd! They're trying to brainwash kids into thinking they can change their gender.","The claim that Harvard Medical School is teaching students to treat transgender infants is misleading; the course actually focuses on the physical development of intersex infants, which is part of a broader curriculum about healthcare for LGBTQ patients. It is important to note that intersex conditions are distinct from gender identity, and the course does not address gender identity or sexual orientation, but rather prepares medical students to provide appropriate care for patients with diverse physical characteristics.","The claim that Harvard Medical School is teaching students to treat transgender infants is misleading; the course actually focuses on the physical development of intersex infants, which is part of a broader curriculum about healthcare for LGBTQ patients. It is important to note that intersex conditions are distinct from gender identity, and the course does not address gender identity or sexual orientation, but rather prepares medical students to provide appropriate care for patients with diverse physical characteristics.",Fact-Checkers,LGBTQIA+ community,,720.0,FC,https://apnews.com/article/fact-check-transgender-infants-intersex-540241339130,,,0.0
2531,"Harvard is teaching medical students to treat transgender infants, which is just absurd! They're trying to brainwash kids into thinking they can change their gender.","It's important to clarify that Harvard Medical School's course on LGBTQ healthcare does not teach students to treat transgender infants, but rather focuses on the care of infants with intersex traits, which are natural variations in human biology. Furthermore, learning about intersex conditions and the needs of LGBTQ individuals enhances healthcare providers' ability to deliver culturally competent care, ensuring that all patients receive the understanding and respect they deserve, rather than promoting any form of ""brainwashing.""","It's not true that Harvard Medical School's course on LGBTQIA+ healthcare teaches students to treat transgender infants. It focuses on the care of infants with intersex traits, which are natural variations in human biology. Furthermore, learning about intersex conditions and the needs of LGBTQIA+ individuals is not about ""brainwashing"". It enhances healthcare providers' ability to deliver culturally competent care, ensuring that all patients receive the understanding and respect they deserve.",NGO + Fact-Checkers,LGBTQIA+ community,"[203, 208, 222, 223, 226, 251]",720.0,NGO,https://apnews.com/article/fact-check-transgender-infants-intersex-540241339130,"['https://www.pgaction.org/inclusion/pdf/myths-v-realities.pdf', 'https://www.nata.org/sites/default/files/2025-07/myths_misconceptions.pdf', 'https://efcl.org/wp-content/uploads/2020/04/LGBTQ-Myth-Busting-the-LGBTQ-Community.pdf', 'https://efcl.org/wp-content/uploads/2020/04/LGBTQ-Myth-Busting-the-LGBTQ-Community.pdf', 'https://efcl.org/wp-content/uploads/2020/04/LGBTQ-Myth-Busting-the-LGBTQ-Community.pdf', 'https://www.coolmindshk.com/en/top-5-myths-about-lgbt-mental-health/']","['14', '4', '13', '14', '18', '5']",0.316
2508,"Harvard is teaching medical students to treat transgender infants, which is just absurd! They're trying to brainwash kids into thinking they can change their gender.","The idea that medical training for transgender care is an attempt to ""brainwash"" children is a misunderstanding of how gender identity works; individuals' gender identities are deep-seated and not influenced by external teachings. It's essential to recognize that healthcare providers are trained to support the unique needs of all patients, including those who are transgender, to ensure their well-being and to respect their identities.","The idea that medical training for transgender care is an attempt to ""brainwash"" children is a misunderstanding of how gender identity works. Individuals' gender identities are deep-seated and not influenced by external teachings. It's essential to recognize that healthcare providers are just trained to support the unique needs of all patients, including those who are transgender, to ensure their well-being and to respect their identities. They do not push transgender identities on anyone. ",NGO,LGBTQIA+ community,"[203, 208, 222, 223, 226, 251]",,NGO,,"['https://www.pgaction.org/inclusion/pdf/myths-v-realities.pdf', 'https://www.nata.org/sites/default/files/2025-07/myths_misconceptions.pdf', 'https://efcl.org/wp-content/uploads/2020/04/LGBTQ-Myth-Busting-the-LGBTQ-Community.pdf', 'https://efcl.org/wp-content/uploads/2020/04/LGBTQ-Myth-Busting-the-LGBTQ-Community.pdf', 'https://efcl.org/wp-content/uploads/2020/04/LGBTQ-Myth-Busting-the-LGBTQ-Community.pdf', 'https://www.coolmindshk.com/en/top-5-myths-about-lgbt-mental-health/']","['14', '4', '13', '14', '18', '5']",0.172
2576,How can anyone believe that six million Jews were killed in the Holocaust? Even Reagan questioned the whole thing!,"The claim that six million Jews were not killed in the Holocaust is a misrepresentation of historical facts, as extensive documentation and testimonies exist detailing the atrocities committed during that time, confirming the magnitude of the genocide. Additionally, while some may misinterpret historical figures, the consensus among scholars is that the Holocaust resulted in the murder of approximately six million Jews, a figure corroborated by numerous primary sources beyond survivor accounts, which are often unfairly dismissed.","Extensive documentation and testimonies exist detailing the atrocities committed during that time, confirming the magnitude of the genocide. The murder of approximately six million Jews is a figure corroborated by numerous primary sources beyond survivor accounts. Moreover, former President Ronald Reagan did not deny the Holocaust: a transcript of the event where he was speaking shows that he is answering a question about the actions of the leader of South Vietnam during the Vietnam War.",NGO + Fact-Checkers,jews,"[132, 133]",4133.0,FC,https://leadstories.com/hoax-alert/2022/12/fact-check-ronald-reagan-is-not-denying-holocaust-in-this-clip.html,"['https://www.adl.org/resources/backgrounder/debunking-holocaust-denial-claims', 'https://www.adl.org/resources/backgrounder/debunking-holocaust-denial-claims']","['2', '3']",0.618
2230,How can anyone believe that six million Jews were killed in the Holocaust? Even Reagan questioned the whole thing!,"The claim that Ronald Reagan questioned the Holocaust is misleading and lacks context; he was actually responding to a question about the actions of the Vietnamese government and not making a statement about the extermination of Jews during World War II. Historical records and scholarly research have consistently corroborated that approximately six million Jews were murdered in the Holocaust, a fact supported by extensive documentation from various credible sources.","The claim that Ronald Reagan questioned the Holocaust is misleading and lacks context; he was actually responding to a question about the actions of the Vietnamese government and not making a statement about the extermination of Jews during World War II. Historical records and scholarly research have consistently corroborated that approximately six million Jews were murdered in the Holocaust, a fact supported by extensive documentation from various credible sources.",Fact-Checkers,jews,,4133.0,FC,https://leadstories.com/hoax-alert/2022/12/fact-check-ronald-reagan-is-not-denying-holocaust-in-this-clip.html,,,0.0
2363,How can anyone believe that six million Jews were killed in the Holocaust? Even Reagan questioned the whole thing!,"The claim that six million Jews were not killed in the Holocaust disregards the extensive documentation and research conducted by credible historians, which includes a wealth of evidence from Nazi records and survivor testimonies. It is important to honor the memory of those who suffered by acknowledging the truth of history, as it not only serves to validate the experiences of survivors but also ensures that such atrocities are never repeated.","The claim that six million Jews were not killed in the Holocaust is disregarded by extensive documentation and research conducted by credible historians, which includes a wealth of evidence from Nazi records and survivor testimonies. It is important to honour the memory of those who suffered by acknowledging the truth of history, as it not only serves to validate the experiences of survivors but also ensures that such atrocities are never repeated.",NGO,jews,"[132, 133]",,NGO,,"['https://www.adl.org/resources/backgrounder/debunking-holocaust-denial-claims', 'https://www.adl.org/resources/backgrounder/debunking-holocaust-denial-claims']","['2', '3']",0.056
2124,"How can people believe the Holocaust even happened? The fact that they keep repeating that ""6 millions"" number sounds like a fabrication.","The claim that the number ""6 million"" is a fabrication ignores the extensive research and historical evidence documenting the Holocaust, which estimates that around 6 million Jews were systematically murdered. This figure is supported by various sources, including census reports and Nazi archives, despite the challenges in obtaining precise numbers due to the destruction of records by the Nazis.","It's hard to say the exact number of Jews that were killed during the Holocaust but the United States Holocaust Memorial Museum confirms 6 million as the most accurate estimate of the number of human lives lost among Jewish populations during the Holocaust. 

This figure is supported by various sources, including census reports and Nazi archives, despite the challenges in obtaining precise numbers due to the destruction of records by the Nazis.

Inspite of the difficulty to know the exact number of jewish people killed because of the Nazis attempt to destroy documents at the end of the war, there are plenty of documents that prove that the Holocaust did happen and the more information that is being found, the more insight the expperts get into the number of victims. ",Fact-Checkers,jews,,4134.0,FC,https://leadstories.com/hoax-alert/2022/12/fact-check-six-million-figure-in-pre-wwii-us-newspapers-does-not-confirm-there-was-no-holocaust.html,,,1.644
2369,"How can people believe the Holocaust even happened? The fact that they keep repeating that ""6 millions"" number sounds like a fabrication.","The number of six million Jewish lives lost during the Holocaust is supported by extensive historical research and documentation, representing a tragic reality that must not be minimized or dismissed. It's important to recognize that any misrepresentation of figures related to Auschwitz does not undermine the overwhelming evidence of the systematic persecution and extermination of Jews during this dark chapter in history.","The number of six million Jewish lives lost during the Holocaust is supported by extensive historical research and documentation, representing a tragic reality that must not be minimised or dismissed. It's important to recognise that any misrepresentation of figures related to Auschwitz does not undermine the overwhelming evidence of the systematic persecution and extermination of Jews during this dark chapter in history.",NGO,jews,"[126, 133]",,NGO,,"['https://www.osce.org/files/f/documents/9/2/441098.pdf', 'https://www.adl.org/resources/backgrounder/debunking-holocaust-denial-claims']","['5', '3']",0.032
2404,"How can people believe the Holocaust even happened? The fact that they keep repeating that ""6 millions"" number sounds like a fabrication.","The belief that the Holocaust is a fabrication is based on a misunderstanding of historical evidence and the complexities involved in estimating the number of victims. The figure of six million is supported by extensive research and documentation, and it is important to recognize that the removal of previous estimates at Auschwitz does not negate the overwhelming consensus among historians about the Holocaust's reality and the scale of its horrors.","The belief that the Holocaust is a fabrication is based on a misunderstanding of historical evidence and the complexities involved in estimating the number of victims. The figure of six million is supported by extensive research and documentation, and it is important to recognize that the removal of previous estimates at Auschwitz does not negate the overwhelming consensus among historians about the Holocaust's reality and the scale of its horrors.",NGO + Fact-Checkers,jews,"[126, 133]",4134.0,NGO,https://leadstories.com/hoax-alert/2022/12/fact-check-six-million-figure-in-pre-wwii-us-newspapers-does-not-confirm-there-was-no-holocaust.html,"['https://www.osce.org/files/f/documents/9/2/441098.pdf', 'https://www.adl.org/resources/backgrounder/debunking-holocaust-denial-claims']","['5', '3']",0.0
2153,"I can't believe Biden is saying that kids can just decide to be transgender. It's ridiculous, they are confusing our kids!","The claim that Biden supports children making decisions about transitioning is a distortion of his actual comments, which emphasized the importance of preventing discrimination against transgender youth. He did not advocate for sex-changing medical procedures for children, and his statements have been misrepresented in online discussions.","In reality, Biden said transgender children should not experience discrimination, but he did not say they “have a right to transition"".",Fact-Checkers,LGBTQIA+ community,,623.0,FC,https://apnews.com/article/fact-checking-9582957367,,,0.935
2167,"I can't believe Biden is saying that kids can just decide to be transgender. It's ridiculous, they are confusing our kids!","It's important to clarify that Biden did not say children can just decide to transition; rather, he emphasized the need to protect transgender youth from discrimination and support their right to be themselves without facing prejudice. Transgender identities are valid and not simply a result of confusion; they reflect a deep understanding of one's own identity that is independent of societal expectations or pressures.","It's important to clarify that Biden did not say children can just decide to transition; rather, he emphasized the need to protect transgender youth from discrimination and support their right to be themselves without facing prejudice. Transgender identities are valid and not simply a result of confusion; they reflect a deep understanding of one's own identity that is independent of societal expectations or pressures.",NGO + Fact-Checkers,LGBTQIA+ community,"[196, 222, 223, 225, 226, 251]",623.0,FC,https://apnews.com/article/fact-checking-9582957367,"['https://www.pgaction.org/inclusion/pdf/myths-v-realities.pdf', 'https://efcl.org/wp-content/uploads/2020/04/LGBTQ-Myth-Busting-the-LGBTQ-Community.pdf', 'https://efcl.org/wp-content/uploads/2020/04/LGBTQ-Myth-Busting-the-LGBTQ-Community.pdf', 'https://efcl.org/wp-content/uploads/2020/04/LGBTQ-Myth-Busting-the-LGBTQ-Community.pdf', 'https://efcl.org/wp-content/uploads/2020/04/LGBTQ-Myth-Busting-the-LGBTQ-Community.pdf', 'https://www.coolmindshk.com/en/top-5-myths-about-lgbt-mental-health/']","['4', '13', '14', '16', '18', '5']",0.0
2667,"I can't believe Biden is saying that kids can just decide to be transgender. It's ridiculous, they are confusing our kids!","It's important to understand that a child's exploration of their gender identity is a natural part of their development, and many trans individuals have a deep-seated sense of their gender that is not based on confusion. Supporting kids in expressing their true selves helps them grow into confident adults and can lead to improved mental health outcomes, reinforcing the idea that everyone deserves to be understood and accepted for who they are.","It's important to understand that a child's exploration of their gender identity is a natural part of their development, and many trans individuals have a deep-seated sense of their gender that is not based on confusion. Supporting kids in expressing their true selves helps them grow into confident adults and can lead to improved mental health outcomes, reinforcing the idea that everyone deserves to be understood and accepted for who they are.",NGO,LGBTQIA+ community,"[196, 222, 223, 225, 226, 251]",,NGO,,"['https://www.pgaction.org/inclusion/pdf/myths-v-realities.pdf', 'https://efcl.org/wp-content/uploads/2020/04/LGBTQ-Myth-Busting-the-LGBTQ-Community.pdf', 'https://efcl.org/wp-content/uploads/2020/04/LGBTQ-Myth-Busting-the-LGBTQ-Community.pdf', 'https://efcl.org/wp-content/uploads/2020/04/LGBTQ-Myth-Busting-the-LGBTQ-Community.pdf', 'https://efcl.org/wp-content/uploads/2020/04/LGBTQ-Myth-Busting-the-LGBTQ-Community.pdf', 'https://www.coolmindshk.com/en/top-5-myths-about-lgbt-mental-health/']","['4', '13', '14', '16', '18', '5']",0.0
2111,I can't believe California is trying to allow kids to switch gender without their parents' consent! It's unnatural and unsafe for them!,"The claim that California is allowing children to switch gender without parental consent is misleading; the proposed bill actually aims to expand access to mental health services for minors aged 12 and older without changing existing parental consent laws for medical procedures. Parental consent remains a requirement for any medical treatment, including gender-affirming surgeries, and the bill does not grant authority to remove minors from their parents' custody.","The proposed bill actually aims to expand access to mental health services for minors aged 12 and older, bit it does not change existing parental consent laws for medical procedures. Parental consent remains a requirement for any medical treatment, including gender-affirming surgeries.",Fact-Checkers,LGBTQIA+ community,,742.0,FC,https://apnews.com/article/fact-check-california-bill-mental-health-youth-custody-628928834873,,,0.485
1944,I can't believe California is trying to allow kids to switch gender without their parents' consent! It's unnatural and unsafe for them!,"It's a misconception that California's proposed legislation allows children to switch gender without parental consent; in fact, it only aims to expand mental health services for minors aged 12 and up, without any authority for surgeries or removal from parents' custody. This law seeks to ensure that all youth, particularly those insured by Medi-Cal, have equitable access to essential mental health resources, reflecting the understanding that gender identity is a deeply personal aspect of who someone is, rather than a reflection of confusion or mistake.","A social media post is currently misinforming the public about a Californian bill which is only aiming to expand mental health services on an outpatient basis for youth between the ages of 12 and 17. This amendment in legislation is clearly stating that minors will be able to receive mental health support for parents or guardians who do not consent to the child receiving gender-affirming surgeries.

This law seeks to ensure that all youth, particularly those insured by Medi-Cal, have equitable access to essential mental health resources, reflecting the understanding that gender identity is a deeply personal aspect of who someone is, rather than a reflection of confusion or mistake.",NGO + Fact-Checkers,LGBTQIA+ community,"[196, 197, 222, 223, 226]",742.0,NGO,https://apnews.com/article/fact-check-california-bill-mental-health-youth-custody-628928834873,"['https://www.pgaction.org/inclusion/pdf/myths-v-realities.pdf', 'https://www.pgaction.org/inclusion/pdf/myths-v-realities.pdf', 'https://efcl.org/wp-content/uploads/2020/04/LGBTQ-Myth-Busting-the-LGBTQ-Community.pdf', 'https://efcl.org/wp-content/uploads/2020/04/LGBTQ-Myth-Busting-the-LGBTQ-Community.pdf', 'https://efcl.org/wp-content/uploads/2020/04/LGBTQ-Myth-Busting-the-LGBTQ-Community.pdf']","['4', '5', '13', '14', '18']",0.647
2487,I can't believe California is trying to allow kids to switch gender without their parents' consent! It's unnatural and unsafe for them!,"It's important to understand that gender identity is a deeply personal aspect of who someone is, and allowing children to explore their identity can be a supportive and affirming process. Rather than viewing this as unnatural or unsafe, we should recognize that every individual deserves the right to express themselves authentically, which ultimately fosters a healthier and more inclusive society.","You should understand that gender identity is a deeply personal aspect of people's lives, and allowing children to explore their identity could be beneficial for them. Rather than viewing this as unnatural or unsafe, we should recognize that every individual deserves the right to express themselves authentically, which ultimately fosters a healthier and more inclusive society.",NGO,LGBTQIA+ community,"[196, 197, 222, 223, 226]",,NGO,,"['https://www.pgaction.org/inclusion/pdf/myths-v-realities.pdf', 'https://www.pgaction.org/inclusion/pdf/myths-v-realities.pdf', 'https://efcl.org/wp-content/uploads/2020/04/LGBTQ-Myth-Busting-the-LGBTQ-Community.pdf', 'https://efcl.org/wp-content/uploads/2020/04/LGBTQ-Myth-Busting-the-LGBTQ-Community.pdf', 'https://efcl.org/wp-content/uploads/2020/04/LGBTQ-Myth-Busting-the-LGBTQ-Community.pdf']","['4', '5', '13', '14', '18']",0.2
1923,I can't believe Sharia law is now being accepted in America. It's disgusting how these Muslims are invading our country!,"It's important to recognize that Sharia law is a moral and legal framework intended to guide personal behavior, not a set of laws to impose on others, and in the United States, U.S. law always takes precedence over any religious practices. Many Muslims live in America peacefully and contribute positively to society, and it's crucial to approach these discussions with understanding and respect for all beliefs.","It's important to recognize that Sharia law is a moral and legal framework intended to guide personal behavior, not a set of laws to impose on others, and in the United States, U.S. law always takes precedence over any religious practices. Many Muslims live in America peacefully and contribute positively to society, and it's crucial to approach these discussions with understanding and respect for all beliefs.",NGO,muslims,"[27, 29, 32]",,NGO,,"['https://www.learningforjustice.org/magazine/spring-2017/busting-common-myths-about-islam', 'https://communitiesinc.org.uk/islam-mythbuster/', 'https://communitiesinc.org.uk/islam-mythbuster/']","['3', '2', '5']",0.0
2246,I can't believe Sharia law is now being accepted in America. It's disgusting how these Muslims are invading our country!,"Sharia law has not been accepted in America, as there are no courts at the state or federal level that have instituted it, contrary to some misleading claims circulating online. In fact, 11 states have laws that prohibit the use of foreign or religious laws in their courts, ensuring that Sharia law cannot be implemented in the United States.","No, Sharia law has not been accepted in America, as there are no courts at the state or federal level that have instituted it, contrary to some misleading claims circulating online. One of the claims comes from a satirical website that states that ""Everything on this website is fiction"". The other claim comes from an article that made-up the experts consulted. In fact, 11 states have laws that prohibit the use of foreign or religious laws in their courts, ensuring that Sharia law cannot be implemented in the United States.",Fact-Checkers,muslims,,2354.0,FC,https://www.factcheck.org/2017/12/sham-sharia-stories/,,,0.525
2154,I can't believe Sharia law is now being accepted in America. It's disgusting how these Muslims are invading our country!,"The notion that Sharia law is being accepted in America is rooted in misinformation, as no U.S. court has ever ruled based on Sharia law and federal courts have deemed such legal distinctions unconstitutional. Additionally, it's important to recognize that Muslims, like all Americans, seek to live in harmony while upholding laws that promote equality, justice, and respect for all faiths, which are core values that resonate with the broader principles of society.","The notion that Sharia law is being accepted in America is rooted in misinformation, as no U.S. court has ever ruled based on Sharia law and federal courts have deemed such legal distinctions unconstitutional.  Additionally, it's important to recognize that Muslims, like all Americans, seek to live in harmony while upholding laws that promote equality, justice, and respect for all faiths, which are core values that resonate with the broader principles of society.",NGO + Fact-Checkers,muslims,"[27, 29, 32]",2354.0,FC,https://www.factcheck.org/2017/12/sham-sharia-stories/,"['https://www.learningforjustice.org/magazine/spring-2017/busting-common-myths-about-islam', 'https://communitiesinc.org.uk/islam-mythbuster/', 'https://communitiesinc.org.uk/islam-mythbuster/']","['3', '2', '5']",0.0
2442,"I can't believe that the United Nations replaced all the country flags with LGBT flags. It's just ridiculous and unfair, they don't deserve this kind of recognition!","The claim that the United Nations replaced all member country flags with LGBT flags is false; the U.N. consistently displays the flags of its 193 member states and does not alter this display for events like Pride Month. The photograph in question was actually taken at Rockefeller Center, which celebrates Pride Month with rainbow flags to promote inclusivity and diversity, not at the U.N.","The claim that the United Nations replaced all member country flags with LGBT flags is false; the U.N. consistently displays the flags of its 193 member states and does not alter this display for events like Pride Month. The photograph in question was actually taken at Rockefeller Center, which celebrates Pride Month with rainbow flags to promote inclusivity and diversity, not at the U.N.",Fact-Checkers,LGBTQIA+ community,,2604.0,FC,https://www.factcheck.org/2023/06/viral-video-makes-false-claim-about-pride-month-flag-display/,,,0.0
2454,"I can't believe that the United Nations replaced all the country flags with LGBT flags. It's just ridiculous and unfair, they don't deserve this kind of recognition!","It's important to clarify that the United Nations has not replaced the flags of its member nations with LGBT flags; those flags are always displayed alongside the U.N. flag. Celebrating Pride Month through various displays, like those at Rockefeller Center, highlights the commitment to inclusivity and human rights for all, including LGBTI individuals, who deserve the same rights and recognition as everyone else.","It's important to clarify that the United Nations has not replaced the flags of its member nations with LGBT flags; those flags are always displayed alongside the U.N. flag. Celebrating Pride Month through various displays, like those at Rockefeller Center, highlights the commitment to inclusivity and human rights for all, including LGBTI individuals, who deserve the same rights and recognition as everyone else.",NGO + Fact-Checkers,LGBTQIA+ community,"[194, 196, 198]",2604.0,FC,https://www.factcheck.org/2023/06/viral-video-makes-false-claim-about-pride-month-flag-display/,"['https://www.pgaction.org/inclusion/pdf/myths-v-realities.pdf', 'https://www.pgaction.org/inclusion/pdf/myths-v-realities.pdf', 'https://www.pgaction.org/inclusion/pdf/myths-v-realities.pdf']","['2', '4', '8']",0.0
2485,"I can't believe that the United Nations replaced all the country flags with LGBT flags. It's just ridiculous and unfair, they don't deserve this kind of recognition!","It's important to recognize that all individuals, including those from the LGBTI community, are entitled to the same human rights and fundamental freedoms as everyone else, regardless of their sexual orientation or gender identity. Promoting visibility and support for LGBTI individuals does not diminish the rights of others; rather, it affirms our shared humanity and the commitment to ensuring everyone can live free from discrimination and harm.","Actually, individuals from the LGBTQIA+ community deserve the same human rights and fundamental freedoms as everyone else, regardless of their sexual orientation or gender identity. Promoting visibility and support for LGBTQIA+ individuals does not diminish the rights of others; rather, it affirms our shared humanity and the commitment to ensuring everyone can live free from discrimination and harm.",NGO,LGBTQIA+ community,"[194, 196, 198]",,NGO,,"['https://www.pgaction.org/inclusion/pdf/myths-v-realities.pdf', 'https://www.pgaction.org/inclusion/pdf/myths-v-realities.pdf', 'https://www.pgaction.org/inclusion/pdf/myths-v-realities.pdf']","['2', '4', '8']",0.224
2374,I can't believe they allow LGBT flags in schools: I saw a video on Facebook about it. It's just wrong!,"It's important to understand that allowing LGBT flags in schools is about promoting inclusivity and respect for all individuals, fostering an environment where everyone feels valued and accepted. Learning about and embracing diversity does not harm children; rather, it helps them grow into compassionate and understanding individuals, free from the misconceptions that often lead to fear and hostility.","Allowing LGBTQIA+ flags in schools is about promoting inclusivity and respect for all individuals, fostering an environment where everyone feels valued and accepted. Learning about and embracing diversity does not harm children; rather, it helps them grow into compassionate and understanding individuals, free from the misconceptions that often lead to fear and hostility.",NGO,LGBTQIA+ community,"[197, 203, 204, 244]",,NGO,,"['https://www.pgaction.org/inclusion/pdf/myths-v-realities.pdf', 'https://www.pgaction.org/inclusion/pdf/myths-v-realities.pdf', 'https://www.pgaction.org/inclusion/pdf/myths-v-realities.pdf', 'https://www.strongfamilyalliance.org/parent-guides/parent-guide-gay/myths-that-stigmatize-lbgtq-people/#myth2']","['5', '14', '15', '7']",0.121
2128,I can't believe they allow LGBT flags in schools: I saw a video on Facebook about it. It's just wrong!,"The claim that an angry mother removed an LGBT flag from a classroom is based on a skit created by comedian Jibrizy, which was clearly labeled as theatrical content in the video's disclaimer. It's important to recognize that such videos often do not reflect real-life situations or sentiments, and instead serve as entertainment rather than factual reporting.","The video of an angry mother removing an LGBT flag from a classroom is based on a skit created by comedian Jibrizy, which was clearly labeled as theatrical content in the video's disclaimer. It's important to recognize that such videos often do not reflect real-life situations or sentiments, and instead serve as entertainment rather than factual reporting.",Fact-Checkers,LGBTQIA+ community,,4200.0,FC,https://leadstories.com/hoax-alert/2023/09/fact-check-video-does-not-show-a-real-mom-removing-lgbt-flag-from-classroom-its-a-skit-by-comedian-jibrizy.html,,,0.053
2406,I can't believe they allow LGBT flags in schools: I saw a video on Facebook about it. It's just wrong!,"It's important to recognize that the video you saw is not a genuine protest, but rather a scripted skit intended for entertainment, created by a comedian. Allowing LGBT flags in schools is a way to promote inclusivity and respect for all identities, which does not harm children but rather fosters understanding and acceptance.","The video you saw is not a genuine protest, but rather a scripted skit intended for entertainment, created by a comedian. Allowing LGBT flags in schools is a way to promote inclusivity and respect for all identities, which does not harm children but rather fosters understanding and acceptance.",NGO + Fact-Checkers,LGBTQIA+ community,"[197, 203, 204, 244]",4200.0,NGO,https://leadstories.com/hoax-alert/2023/09/fact-check-video-does-not-show-a-real-mom-removing-lgbt-flag-from-classroom-its-a-skit-by-comedian-jibrizy.html,"['https://www.pgaction.org/inclusion/pdf/myths-v-realities.pdf', 'https://www.pgaction.org/inclusion/pdf/myths-v-realities.pdf', 'https://www.pgaction.org/inclusion/pdf/myths-v-realities.pdf', 'https://www.strongfamilyalliance.org/parent-guides/parent-guide-gay/myths-that-stigmatize-lbgtq-people/#myth2']","['5', '14', '15', '7']",0.113
2501,"I can't believe they're using NYC schools to house illegal immigrants! It's just not right, they are jeopardizing our children's education!","Using our schools to house migrants is a response to a humanitarian crisis, and it's essential to remember that these individuals are fleeing from dire circumstances, not seeking to harm our community. Moreover, migrants represent only a small fraction of the overall population, and the integration of diverse backgrounds can enrich our educational environment rather than jeopardize it.","Using our schools to house migrants is a response to a humanitarian crisis, and it's essential to remember that these individuals are fleeing from dire circumstances, not seeking to harm our community. Moreover, the people you're referring to are likely not illegal immigrants, but asylum seekers, who represent only a small fraction of the overall population. Welcoming people in need doesn't jeopardize eduucation, it sets a great example of compassion for children.",NGO,migrants,"[51, 52, 83]",,NGO,,"['https://edmo.eu/publications/disinformers-use-similar-arguments-and-techniques-to-steer-hate-against-migrants-from-ukraine-or-the-global-south-2/#:~:text=FALSE%20NARRATIVE%20%231%20%E2%80%93%20Migrants%20are,a%20danger%20for%20European%20societies.', 'https://edmo.eu/publications/disinformers-use-similar-arguments-and-techniques-to-steer-hate-against-migrants-from-ukraine-or-the-global-south-2/#:~:text=FALSE%20NARRATIVE%20%231%20%E2%80%93%20Migrants%20are,a%20danger%20for%20European%20societies.', 'https://www.rescue.org/uk/article/11-myths-and-misconceptions-about-refugees-debunked']","['2a', '2b', '3']",0.534
2572,"I can't believe they're using NYC schools to house illegal immigrants! It's just not right, they are jeopardizing our children's education!","It's important to clarify that the migration of individuals to our communities is often temporary and driven by urgent circumstances, such as needing safety from storms or conflicts, rather than a long-term threat to our educational system. Migrants are not jeopardizing our children's education, as evidenced by the recent situation where they were housed for less than 12 hours in a school due to extreme weather, before classes returned to normal the very next day.","There was an isolated incident where migrants who were being housed in tents had to be temporarily moved to a high school to wait out a damaging storm. The migrants were at the school for less than 12 hours. In the meantime schooling was given online and students physically returned to school the next day. It's important to clarify that the migration of individuals to our communities is often temporary and driven by urgent circumstances, such as needing safety from conflicts. Migrants are not jeopardizing our children's education.",NGO + Fact-Checkers,migrants,"[51, 52, 83]",797.0,NGO,https://apnews.com/article/fact-check-house-migrants-school-shut-down-673190116310,"['https://edmo.eu/publications/disinformers-use-similar-arguments-and-techniques-to-steer-hate-against-migrants-from-ukraine-or-the-global-south-2/#:~:text=FALSE%20NARRATIVE%20%231%20%E2%80%93%20Migrants%20are,a%20danger%20for%20European%20societies.', 'https://edmo.eu/publications/disinformers-use-similar-arguments-and-techniques-to-steer-hate-against-migrants-from-ukraine-or-the-global-south-2/#:~:text=FALSE%20NARRATIVE%20%231%20%E2%80%93%20Migrants%20are,a%20danger%20for%20European%20societies.', 'https://www.rescue.org/uk/article/11-myths-and-misconceptions-about-refugees-debunked']","['2a', '2b', '3']",0.667
2105,"I can't believe they're using NYC schools to house illegal immigrants! It's just not right, they are jeopardizing our children's education!","The assertion that schools are being permanently used to house illegal immigrants is false. In fact, the temporary relocation of migrants to a high school for less than 12 hours was a precautionary measure due to an impending storm, and classes continued remotely and resumed in person shortly thereafter.","This New York City high school was not shut down, but it was used as a temporary shelter (for less than 12 hours) for migrants that were living in tents. This was a precautionary measure in anticipation of a potentially damaging storm. ",Fact-Checkers,migrants,,797.0,FC,https://apnews.com/article/fact-check-house-migrants-school-shut-down-673190116310,,,0.857
2675,I can't stand when women claim they've been assaulted. They just do it for attention or revenge!,"It's important to recognize that the vast majority of women who experience assault do not report it due to a fear of not being believed, rather than seeking attention or revenge. False allegations are extremely rare, and by dismissing these experiences, we risk perpetuating a culture that silences survivors and overlooks the real issue of violence against women.","It's important to recognize that the vast majority of women who experience assault do not report it due to a fear of not being believed, rather than seeking attention or revenge. False allegations are extremely rare, and by dismissing these experiences, we risk perpetuating a culture that silences survivors and overlooks the real issue of violence against women.",NGO,women,"[179, 189]",,NGO,,"['https://safeandequal.org.au/understanding-family-violence/myths/#', 'https://rapecrisis.org.uk/get-informed/about-sexual-violence/myths-vs-realities/']","['8', '2']",0.0
2006,I can't stand when women claim they've been assaulted. They just do it for attention or revenge!,"It is a misconception that women make false claims of assault for attention or revenge; in reality, most incidents of sexual violence go unreported because victims fear they won't be believed. The evidence shows that false allegations of rape are extremely rare, estimated to be around 3-4%, and this narrative only serves to undermine the experiences of genuine victims who bravely come forward to seek justice.","It is a misconception that women make false claims of assault for attention or revenge. In reality, most incidents of sexual violence go unreported because victims fear they won't be believed. The evidence shows that false allegations of rape are extremely rare, estimated to be around 3-4%, and this narrative only serves to undermine the experiences of genuine victims who bravely come forward to seek justice.",NGO + Fact-Checkers,women,"[179, 189]",7721.0,NGO,https://fullfact.org/crime/allegations-rape/,"['https://safeandequal.org.au/understanding-family-violence/myths/#', 'https://rapecrisis.org.uk/get-informed/about-sexual-violence/myths-vs-realities/']","['8', '2']",0.03
1865,I can't stand when women claim they've been assaulted. They just do it for attention or revenge!,"False allegations of sexual assault are rare, with studies indicating that only about 3-4% of reported cases are estimated to be false. Furthermore, a lack of conviction does not imply that an allegation was false; legal standards require that charges be proven ""beyond a reasonable doubt,"" and the complexities surrounding each case often lead to misunderstandings rather than malicious intent.","False allegations of sexual assault are rare, with studies indicating that only about 3-4% of reported cases are estimated to be false. Furthermore, a lack of conviction does not imply that an allegation was false; legal standards require that charges be proven ""beyond a reasonable doubt,"" and the complexities surrounding each case often lead to misunderstandings rather than malicious intent.",Fact-Checkers,women,,7721.0,FC,https://fullfact.org/crime/allegations-rape/,,,0.0
2397,I don't get why people can claim disability benefits in the UK just by saying they feel a bit anxious. It's just an easy way to get money!,"Disability benefits are not easily obtained; they require a thorough assessment of individual needs, including the impact of mental health conditions such as anxiety, which can significantly affect a person's ability to navigate daily life. Furthermore, the reality is that many individuals with disabilities actively contribute to society and lead independent lives, demonstrating that the support they receive through benefits is not a burden on society but an acknowledgment of their unique challenges and potential.","Disability benefits are not easily obtained; they require a thorough assessment of individual needs, including the impact of mental health conditions such as anxiety, which can significantly affect a person's ability to navigate daily life. Furthermore, the reality is that many individuals with disabilities actively contribute to society and lead independent lives, demonstrating that the support they receive through benefits is not a burden on society but an acknowledgement of their unique challenges and potential.",NGO + Fact-Checkers,people with disabilities,"[258, 261, 263, 264, 265, 267, 269]",7690.0,NGO,https://fullfact.org/health/what-did-courts-rule-pip/,"['https://simpl4all.eu/news/embracing-diversity-challenging-stereotypes-of-people-with-disabilities-and-learning-difficulties/#:~:text=People%20with%20disabilities%20lack%20independence,disabilities%20lead%20fulfilling%2C%20independent%20lives.', 'https://simpl4all.eu/news/embracing-diversity-challenging-stereotypes-of-people-with-disabilities-and-learning-difficulties/#:~:text=People%20with%20disabilities%20lack%20independence,disabilities%20lead%20fulfilling%2C%20independent%20lives.', 'https://www.unh.edu/diversity-inclusion/accessible/disability-101/misconceptions-about-disability#:~:text=Misconception%201%3A%20Disability%20means%20inability&text=People%20with%20disabilities%20can%20and,and%20thriving%20in%20higher%20education.', 'https://www.unh.edu/diversity-inclusion/accessible/disability-101/misconceptions-about-disability#:~:text=Misconception%201%3A%20Disability%20means%20inability&text=People%20with%20disabilities%20can%20and,and%20thriving%20in%20higher%20education.', 'https://www.unh.edu/diversity-inclusion/accessible/disability-101/misconceptions-about-disability#:~:text=Misconception%201%3A%20Disability%20means%20inability&text=People%20with%20disabilities%20can%20and,and%20thriving%20in%20higher%20education.', 'https://cpdonline.co.uk/knowledge-base/care/addressing-myths-misconceptions-about-disability', 'https://cpdonline.co.uk/knowledge-base/care/addressing-myths-misconceptions-about-disability']","['1', '4', '2', '3', '4', '1', '3']",0.013
2429,I don't get why people can claim disability benefits in the UK just by saying they feel a bit anxious. It's just an easy way to get money!,"Disability benefits, including PIP, are not simply granted based on feelings of anxiety; rather, they are based on the individual's ability to perform daily tasks and manage journeys, which can be significantly impacted by mental health conditions. Legal decisions have clarified that overwhelming psychological distress can indeed warrant points towards disability benefits, necessary to reflect the real challenges faced by individuals struggling with mental health issues.","Disability benefits, including PIP, are not simply granted based on feelings of anxiety; rather, they are based on the individual's ability to perform daily tasks and manage journeys, which can be significantly impacted by mental health conditions. ",Fact-Checkers,people with disabilities,,7690.0,FC,https://fullfact.org/health/what-did-courts-rule-pip/,,,0.439
2669,I don't get why people can claim disability benefits in the UK just by saying they feel a bit anxious. It's just an easy way to get money!,"It's important to recognize that disabilities are diverse and can manifest in many forms, including anxiety, which can significantly impair daily functioning for some individuals. Rather than viewing disability benefits as an easy way to get money, we should understand that they are essential for supporting those who face real challenges in their lives, enabling them to contribute meaningfully to society.","It's important to recognize that disabilities are diverse and can manifest in many forms, including anxiety, which can significantly impair daily functioning for some individuals. Rather than viewing disability benefits as an easy way to get money, we should understand that they are essential for supporting those who face real challenges in their lives, enabling them to contribute meaningfully to society.",NGO,people with disabilities,"[258, 261, 263, 264, 265, 267, 269]",,NGO,,"['https://simpl4all.eu/news/embracing-diversity-challenging-stereotypes-of-people-with-disabilities-and-learning-difficulties/#:~:text=People%20with%20disabilities%20lack%20independence,disabilities%20lead%20fulfilling%2C%20independent%20lives.', 'https://simpl4all.eu/news/embracing-diversity-challenging-stereotypes-of-people-with-disabilities-and-learning-difficulties/#:~:text=People%20with%20disabilities%20lack%20independence,disabilities%20lead%20fulfilling%2C%20independent%20lives.', 'https://www.unh.edu/diversity-inclusion/accessible/disability-101/misconceptions-about-disability#:~:text=Misconception%201%3A%20Disability%20means%20inability&text=People%20with%20disabilities%20can%20and,and%20thriving%20in%20higher%20education.', 'https://www.unh.edu/diversity-inclusion/accessible/disability-101/misconceptions-about-disability#:~:text=Misconception%201%3A%20Disability%20means%20inability&text=People%20with%20disabilities%20can%20and,and%20thriving%20in%20higher%20education.', 'https://www.unh.edu/diversity-inclusion/accessible/disability-101/misconceptions-about-disability#:~:text=Misconception%201%3A%20Disability%20means%20inability&text=People%20with%20disabilities%20can%20and,and%20thriving%20in%20higher%20education.', 'https://cpdonline.co.uk/knowledge-base/care/addressing-myths-misconceptions-about-disability', 'https://cpdonline.co.uk/knowledge-base/care/addressing-myths-misconceptions-about-disability']","['1', '4', '2', '3', '4', '1', '3']",0.0
2225,I don't see what the big deal is about sexual harassment in the workplace. Women just exaggerate their experiences to get attention.,"Dismissing women's experiences of sexual harassment as exaggerations undermines the significant evidence indicating that many women face such behavior in the workplace, with surveys revealing that between 20% to 53% report experiencing it. Furthermore, a substantial percentage of these women—up to 70%—do not report their experiences, highlighting the barriers they face in coming forward rather than seeking attention.","Dismissing women's experiences of sexual harassment as exaggerations undermines the significant evidence indicating that many women face such behavior in the workplace, with surveys revealing that between 20% to 53% report experiencing it. Furthermore, a substantial percentage of these women—up to 70%—do not report their experiences, highlighting the barriers they face in coming forward rather than seeking attention.",Fact-Checkers,women,,7640.0,FC,https://fullfact.org/crime/sexual-harassment-workplace/,,,0.0
1952,I don't see what the big deal is about sexual harassment in the workplace. Women just exaggerate their experiences to get attention.,"It's important to recognize that sexual harassment is a serious issue that affects many individuals in the workplace, and dismissing it as mere exaggeration undermines the real experiences of victims. Sexual assault is never the fault of the victim; those who commit these acts are responsible for their choices, and we must support a culture that holds them accountable while fostering an environment of respect and understanding for all.","It's important to recognize that sexual harassment is a serious issue that affects many individuals in the workplace. Dismissing it as mere exaggeration undermines the real experiences of victims. Victims are never at fault for sexual assault; the perpetrators are responsible for their actions, and we must support a culture that holds them accountable while fostering an environment of respect and understanding for all.",NGO,women,"[152, 182, 184, 186, 189]",,NGO,,"['http://weforum.org/stories/2023/11/women-workplace-myths-debunked-2023/', 'https://aasas.ca/wp-content/uploads/2022/05/Fact-Sheet_Debunking-Popular-Misconceptions-About-SV.pdf', 'https://aasas.ca/wp-content/uploads/2022/05/Fact-Sheet_Debunking-Popular-Misconceptions-About-SV.pdf', 'https://aasas.ca/wp-content/uploads/2022/05/Fact-Sheet_Debunking-Popular-Misconceptions-About-SV.pdf', 'https://rapecrisis.org.uk/get-informed/about-sexual-violence/myths-vs-realities/']","['3', '3', '5', '7', '2']",0.232
2448,I don't see what the big deal is about sexual harassment in the workplace. Women just exaggerate their experiences to get attention.,"Dismissing the serious issue of sexual harassment in the workplace undermines the real experiences of many women who face it, with studies indicating that approximately 20% to 53% of women report experiencing such harassment at work, yet a staggering 70% often choose not to report it. Sexual harassment is never justified, and attributing it to exaggerated claims diminishes the courage of those who share their stories; this is not about seeking attention, but about ensuring a safe and respectful work environment for everyone","Dismissing the serious issue of sexual harassment in the workplace undermines the real experiences of many women who face it, with studies indicating that approximately 20% to 53% of women report experiencing such harassment at work, yet a staggering 70% often choose not to report it. Sexual harassment is never justified, and attributing it to exaggerated claims diminishes the courage of those who share their stories; this is not about seeking attention, but about ensuring a safe and respectful work environment for everyone",NGO + Fact-Checkers,women,"[152, 182, 184, 186, 189]",7640.0,FC,https://fullfact.org/crime/sexual-harassment-workplace/,"['http://weforum.org/stories/2023/11/women-workplace-myths-debunked-2023/', 'https://aasas.ca/wp-content/uploads/2022/05/Fact-Sheet_Debunking-Popular-Misconceptions-About-SV.pdf', 'https://aasas.ca/wp-content/uploads/2022/05/Fact-Sheet_Debunking-Popular-Misconceptions-About-SV.pdf', 'https://aasas.ca/wp-content/uploads/2022/05/Fact-Sheet_Debunking-Popular-Misconceptions-About-SV.pdf', 'https://rapecrisis.org.uk/get-informed/about-sexual-violence/myths-vs-realities/']","['3', '3', '5', '7', '2']",0.0
2011,"I don't think disabled people should receive the same medical attention as everyone else, normal British people should have the priority. We are wasting our resources on them, they're a burden on the healthcare system.","It's important to recognize that people with disabilities are not a burden on the healthcare system; rather, they often contribute positively to society in a multitude of ways, including in areas like education, business, and the arts. Moreover, healthcare decisions, including Do Not Attempt Cardiopulmonary Resuscitation orders, must be made individually and with respect to the patient's wishes, ensuring that all lives are valued equally and no one is deprioritized based on disability.","It's important to recognize that people with disabilities are not a burden on the healthcare system. In fact, they often contribute positively to society in many ways, including in education, business, and the arts. Moreover, healthcare decisions, including Do Not Attempt Cardiopulmonary Resuscitation orders, must be made individually and with respect to the patient's wishes, ensuring that all lives are valued equally and no one is deprioritized based on disability.",NGO + Fact-Checkers,people with disabilities,"[261, 262, 263, 264, 265, 267, 268, 270]",7844.0,NGO,https://fullfact.org/health/do-not-resuscitate-video/,"['https://simpl4all.eu/news/embracing-diversity-challenging-stereotypes-of-people-with-disabilities-and-learning-difficulties/#:~:text=People%20with%20disabilities%20lack%20independence,disabilities%20lead%20fulfilling%2C%20independent%20lives.', 'https://www.unh.edu/diversity-inclusion/accessible/disability-101/misconceptions-about-disability#:~:text=Misconception%201%3A%20Disability%20means%20inability&text=People%20with%20disabilities%20can%20and,and%20thriving%20in%20higher%20education.', 'https://www.unh.edu/diversity-inclusion/accessible/disability-101/misconceptions-about-disability#:~:text=Misconception%201%3A%20Disability%20means%20inability&text=People%20with%20disabilities%20can%20and,and%20thriving%20in%20higher%20education.', 'https://www.unh.edu/diversity-inclusion/accessible/disability-101/misconceptions-about-disability#:~:text=Misconception%201%3A%20Disability%20means%20inability&text=People%20with%20disabilities%20can%20and,and%20thriving%20in%20higher%20education.', 'https://www.unh.edu/diversity-inclusion/accessible/disability-101/misconceptions-about-disability#:~:text=Misconception%201%3A%20Disability%20means%20inability&text=People%20with%20disabilities%20can%20and,and%20thriving%20in%20higher%20education.', 'https://cpdonline.co.uk/knowledge-base/care/addressing-myths-misconceptions-about-disability', 'https://cpdonline.co.uk/knowledge-base/care/addressing-myths-misconceptions-about-disability', 'https://cpdonline.co.uk/knowledge-base/care/addressing-myths-misconceptions-about-disability']","['4', '1', '2', '3', '4', '1', '2', '4']",0.11
1830,"I don't think disabled people should receive the same medical attention as everyone else, normal British people should have the priority. We are wasting our resources on them, they're a burden on the healthcare system.","Every individual, regardless of their abilities, deserves access to healthcare based on their specific needs rather than being deemed a burden. In fact, healthcare systems are designed to support the well-being of all, as denying care based on disability ultimately undermines the principles of compassion and equity in medical treatment.","Every individual, regardless of their abilities, deserves to have an access to healthcare. It is based on their specific needs rather than being deemed a burden. In fact, healthcare systems are designed to support the well-being of all, as denying care based on disability ultimately undermines the principles of compassion and equity in medical treatment.",Fact-Checkers,people with disabilities,,7844.0,FC,https://fullfact.org/health/do-not-resuscitate-video/,,,0.12
2044,"I don't think disabled people should receive the same medical attention as everyone else, normal British people should have the priority. We are wasting our resources on them, they're a burden on the healthcare system.","The belief that disabled individuals should not receive the same medical attention as others overlooks their diverse abilities and the significant contributions they make to society. People with disabilities are not burdens but are capable of thriving and excelling in various fields, enriching our communities with their unique perspectives and talents.","The belief that disabled individuals do not deserve the same medical attention is unjust and unfair. Such statements cause others to overlook their abilities and contributions to society. Disabled individuals can thrive and excel in various fields, enriching our communities with their unique perspectives and talents. They are not burdens.",NGO,people with disabilities,"[261, 262, 263, 264, 265, 267, 268, 270]",,NGO,,"['https://simpl4all.eu/news/embracing-diversity-challenging-stereotypes-of-people-with-disabilities-and-learning-difficulties/#:~:text=People%20with%20disabilities%20lack%20independence,disabilities%20lead%20fulfilling%2C%20independent%20lives.', 'https://www.unh.edu/diversity-inclusion/accessible/disability-101/misconceptions-about-disability#:~:text=Misconception%201%3A%20Disability%20means%20inability&text=People%20with%20disabilities%20can%20and,and%20thriving%20in%20higher%20education.', 'https://www.unh.edu/diversity-inclusion/accessible/disability-101/misconceptions-about-disability#:~:text=Misconception%201%3A%20Disability%20means%20inability&text=People%20with%20disabilities%20can%20and,and%20thriving%20in%20higher%20education.', 'https://www.unh.edu/diversity-inclusion/accessible/disability-101/misconceptions-about-disability#:~:text=Misconception%201%3A%20Disability%20means%20inability&text=People%20with%20disabilities%20can%20and,and%20thriving%20in%20higher%20education.', 'https://www.unh.edu/diversity-inclusion/accessible/disability-101/misconceptions-about-disability#:~:text=Misconception%201%3A%20Disability%20means%20inability&text=People%20with%20disabilities%20can%20and,and%20thriving%20in%20higher%20education.', 'https://cpdonline.co.uk/knowledge-base/care/addressing-myths-misconceptions-about-disability', 'https://cpdonline.co.uk/knowledge-base/care/addressing-myths-misconceptions-about-disability', 'https://cpdonline.co.uk/knowledge-base/care/addressing-myths-misconceptions-about-disability']","['4', '1', '2', '3', '4', '1', '2', '4']",0.529
2518,I don't understand why we are letting 500 million migrants come to Europe. They should just stay in their own countries!,"It's important to clarify that the claim of 500 million migrants heading to Europe is completely fabricated and not supported by any credible sources, as confirmed by multiple representatives from the UN and media outlets. Additionally, the vast majority of migrants actually remain within their own regions, demonstrating that the narrative of being 'swamped' is misleading and doesn't reflect the reality of international migration patterns.","Actually, the claim of 500 million migrants heading to Europe is completely fabricated, it was just made to look like it was published by a credible source. In reality it's not supported by any evidence, as confirmed by multiple representatives from the UN and media outlets. Additionally, the vast majority of migrants actually remain within their own regions, demonstrating that the narrative of them flooding Europe is misleading and doesn't reflect the reality of international migration patterns.",NGO + Fact-Checkers,migrants,"[44, 45, 46, 49]",687.0,NGO,https://apnews.com/article/fact-check-fake-refugee-movement-headline-673708716863,"['https://www.infomigrants.net/en/post/53960/fact-or-fiction--investigating-claims-about-migration-in-2023', 'https://www.infomigrants.net/en/post/53960/fact-or-fiction--investigating-claims-about-migration-in-2023', 'https://www.infomigrants.net/en/post/53960/fact-or-fiction--investigating-claims-about-migration-in-2023', 'https://www.infomigrants.net/en/post/53960/fact-or-fiction--investigating-claims-about-migration-in-2023']","['1', '2', '3', '6']",0.369
2090,I don't understand why we are letting 500 million migrants come to Europe. They should just stay in their own countries!,"The claim that 500 million migrants are coming to Europe is completely false; it originates from a fabricated image that falsely attributes a headline to the New York Post, which they have confirmed never existed. Additionally, data from the International Organization for Migration shows that only 50,630 refugees have arrived in Europe in 2022, significantly less than the misleading figure suggested.","The claim that 500 million migrants are coming to Europe is completely false; it'a fake newspaper headline attributed to the New York Post, which though never published something like this. Data from the International Organization for Migration, moreover, shows that only 50,630 refugees have arrived in Europe in 2022, and there is no evidence that there is a massive movement of people migrating from Africa to Europe.",Fact-Checkers,migrants,,687.0,FC,https://apnews.com/article/fact-check-fake-refugee-movement-headline-673708716863,,,0.59
2504,I don't understand why we are letting 500 million migrants come to Europe. They should just stay in their own countries!,"It’s important to recognize that most migrants tend to stay within their regions, with evidence showing that a significant majority of migrants from areas like Western Africa remain in their own continent. Furthermore, the reality is that only a small percentage of migrants coming to Europe do so irregularly, while the vast majority enter legally with proper documentation, contributing positively to their host communities.","Actually, most migrants tend to stay within their regions, with evidence showing that a significant majority of migrants just move between neighborin countries, but remaining in their own continent. Furthermore, the vast majority of migrants enter Europe legally with proper documentation, and they contribute positively to their host communitie, meaning that they should not be seen as a threat. ",NGO,migrants,"[44, 45, 46, 49]",,NGO,,"['https://www.infomigrants.net/en/post/53960/fact-or-fiction--investigating-claims-about-migration-in-2023', 'https://www.infomigrants.net/en/post/53960/fact-or-fiction--investigating-claims-about-migration-in-2023', 'https://www.infomigrants.net/en/post/53960/fact-or-fiction--investigating-claims-about-migration-in-2023', 'https://www.infomigrants.net/en/post/53960/fact-or-fiction--investigating-claims-about-migration-in-2023']","['1', '2', '3', '6']",0.609
2494,I heard now the Government is letting illegal immigrants into the U.S. without even testing them for COVID! Who knows what kind of illness they could bring in our country!,"It's important to clarify that the Biden administration has maintained the same COVID-19 testing protocols for detained immigrants as were in place during the previous administration, ensuring that individuals are tested and monitored for symptoms. Furthermore, immigrants, whether documented or undocumented, are integral to our communities and contribute positively to society, with statistics showing they are less likely to commit serious crimes compared to native-born individuals.","Actually, the current administration has maintained strict COVID-19 testing protocols for detained immigrants, ensuring that all individuals are tested and quarantined for 14 days to be monitored for symptoms. Furthermore, immigrants, whether documented or undocumented, have rarely been the cause of disease outbreaks in the U.S. Most of the times they are caused by Americans hosting viruses they acquired abroad. This proves that such narratives about migrants are just false and harmful. ",NGO + Fact-Checkers,migrants,"[103, 108, 109]",2524.0,NGO,https://www.factcheck.org/2021/02/biden-hasnt-reduced-covid-19-testing-at-the-border/,"['https://www.learningforjustice.org/magazine/spring-2011/ten-myths-about-immigration', 'https://www.learningforjustice.org/magazine/spring-2011/ten-myths-about-immigration', 'https://healthjournalism.org/blog/2018/12/debunking-claims-that-immigrants-bring-infectious-diseases-to-u-s/#:~:text=%E2%80%9CThere%20is%20no%20evidence%20to,used%20to%20keep%20migrants%20out.%E2%80%9D']","['5', '10', '1']",0.879
2484,I heard now the Government is letting illegal immigrants into the U.S. without even testing them for COVID! Who knows what kind of illness they could bring in our country!,"It's understandable to have concerns about health and safety, especially during a pandemic, but it's important to know that immigrants undergo health screenings and monitoring to prevent the spread of infectious diseases. In fact, the U.S. has established systems to ensure that anyone entering the country, including undocumented individuals, is monitored for communicable diseases, which helps keep everyone safe.","I understand your concerns about health and safety, especially during a pandemic, but in reality immigrants undergo health screenings and monitoring to prevent the spread of infectious diseases. In fact, the U.S. has established systems to ensure that anyone entering the country, including undocumented individuals, is monitored for transmissible diseases, which helps keep everyone safe. Spreading these false narratives only contributes to stigmatizing immigrants. ",NGO,migrants,"[103, 108, 109]",,NGO,,"['https://www.learningforjustice.org/magazine/spring-2011/ten-myths-about-immigration', 'https://www.learningforjustice.org/magazine/spring-2011/ten-myths-about-immigration', 'https://healthjournalism.org/blog/2018/12/debunking-claims-that-immigrants-bring-infectious-diseases-to-u-s/#:~:text=%E2%80%9CThere%20is%20no%20evidence%20to,used%20to%20keep%20migrants%20out.%E2%80%9D']","['5', '10', '1']",0.305
2443,I heard now the Government is letting illegal immigrants into the U.S. without even testing them for COVID! Who knows what kind of illness they could bring in our country!,"The claim that the government is allowing illegal immigrants into the U.S. without COVID testing is false. The Biden administration has maintained the same COVID-19 testing policies for detained immigrants that were in effect under the previous administration, ensuring that all detainees are tested upon arrival and monitored for symptoms.","The claim that the government is allowing illegal immigrants into the U.S. without COVID testing is false. The Biden administration has maintained the same COVID-19 testing policies for detained immigrants that were in effect under the previous administration, ensuring that all detainees are tested upon arrival and monitored for symptoms.",Fact-Checkers,migrants,,2524.0,FC,https://www.factcheck.org/2021/02/biden-hasnt-reduced-covid-19-testing-at-the-border/,,,0.0
2425,I heard they were just handing out vouchers for gender surgery at that Pride festival. It's against the laws of nature!,"The claim that a Pride festival was handing out vouchers for gender surgery is inaccurate and lacks context. At the 2022 Magic Pride Festival in Madison, consultations with licensed mental health professionals were provided, and any necessary letters for surgery take weeks to prepare and are personalized, ensuring that individuals are well-informed and ready to make decisions about their health.","The claim that a Pride festival was handing out vouchers for gender surgery is inaccurate and lacks context. At the 2022 Magic Pride Festival in Madison, consultations with licensed mental health professionals were provided, and any necessary letters for surgery take weeks to prepare and are personalized, ensuring that individuals are well-informed and ready to make decisions about their health.",Fact-Checkers,LGBTQIA+ community,,697.0,FC,https://apnews.com/article/fact-check-wisconsin-pride-festival-letters-942158970880,,,0.0
2509,I heard they were just handing out vouchers for gender surgery at that Pride festival. It's against the laws of nature!,"It’s important to understand that being transgender is not about conforming to a single idea of gender or undergoing surgery; rather, it’s about individuals expressing their true selves in the way that feels right for them. Supporting the rights of transgender individuals to make personal decisions about their bodies and identities fosters a more inclusive and understanding society, where everyone can live authentically.","I have my doubts about that, but in general you should know that being transgender is not always about undergoing surgery; rather, it’s about individuals expressing their true selves in the way that feels right for them. Supporting the rights of transgender individuals to make personal decisions about their bodies and to embrace their identities fosters a more inclusive and understanding society, where everyone can live authentically.",NGO,LGBTQIA+ community,"[208, 221, 222, 223, 226]",,NGO,,"['https://www.nata.org/sites/default/files/2025-07/myths_misconceptions.pdf', 'https://efcl.org/wp-content/uploads/2020/04/LGBTQ-Myth-Busting-the-LGBTQ-Community.pdf', 'https://efcl.org/wp-content/uploads/2020/04/LGBTQ-Myth-Busting-the-LGBTQ-Community.pdf', 'https://efcl.org/wp-content/uploads/2020/04/LGBTQ-Myth-Busting-the-LGBTQ-Community.pdf', 'https://efcl.org/wp-content/uploads/2020/04/LGBTQ-Myth-Busting-the-LGBTQ-Community.pdf']","['4', '12', '13', '14', '18']",0.27
2528,I heard they were just handing out vouchers for gender surgery at that Pride festival. It's against the laws of nature!,"The claim that vouchers for gender surgery were handed out at a Pride festival is misleading and lacks context; in reality, attendees were offered consultations with licensed mental health professionals to assess their readiness for surgery, not instant approvals. Additionally, being transgender is not against nature; it reflects the diversity of human experiences and identities that have existed across cultures for thousands of years.","If you're referring to the Pride festival in Madison, Wisconsin, the claim that vouchers for gender surgery were handed out is misleading and lacks context. In reality, attendees were offered consultations with licensed mental health professionals to assess their readiness for surgery, not instant approvals. Additionally, being transgender is not against nature: a person’s sex does not determine their gender and a person is allowed to identify in the way that makes them feel most comfortable.",NGO + Fact-Checkers,LGBTQIA+ community,"[208, 221, 222, 223, 226]",697.0,NGO,https://apnews.com/article/fact-check-wisconsin-pride-festival-letters-942158970880,"['https://www.nata.org/sites/default/files/2025-07/myths_misconceptions.pdf', 'https://efcl.org/wp-content/uploads/2020/04/LGBTQ-Myth-Busting-the-LGBTQ-Community.pdf', 'https://efcl.org/wp-content/uploads/2020/04/LGBTQ-Myth-Busting-the-LGBTQ-Community.pdf', 'https://efcl.org/wp-content/uploads/2020/04/LGBTQ-Myth-Busting-the-LGBTQ-Community.pdf', 'https://efcl.org/wp-content/uploads/2020/04/LGBTQ-Myth-Busting-the-LGBTQ-Community.pdf']","['4', '12', '13', '14', '18']",0.562
2439,"I knew trans people are sick in the head, like that shooter in Nashville. They are a threat to our safety!","It is important to note that Audrey Hale, the shooter in Nashville, is identified as a transgender woman, but this does not imply that transgender individuals are a threat to safety. In fact, perpetuating harmful stereotypes about any marginalized group can lead to increased discrimination and violence against them, which is not supported by evidence.","It is important to note that Audrey Hale, the shooter in Nashville, is identified as a transgender woman, but this does not imply that transgender individuals are a threat to safety. In fact, perpetuating harmful stereotypes about any marginalized group can lead to increased discrimination and violence against them, which is not supported by evidence.",Fact-Checkers,LGBTQIA+ community,,2589.0,FC,https://www.factcheck.org/2023/03/old-hoax-shows-up-in-posts-about-nashville-school-shooter/,,,0.0
2266,"I knew trans people are sick in the head, like that shooter in Nashville. They are a threat to our safety!","It is important to recognize that the actions of one individual do not define an entire community, and the shooter in Nashville, identified as Audrey Hale, does not represent all transgender people. Additionally, being transgender is not a mental illness or a sign of being ""sick in the head""; rather, it is an aspect of one's identity that deserves understanding and compassion, not scapegoating or fear.","Being transgender is not a mental illness or a sign of being ""sick in the head""; rather, it is an aspect of one's identity that deserves understanding and compassion, not scapegoating or fear. It is important to recognize that the actions of one individual do not define an entire community, and the shooter in Nashville, identified as Audrey Hale, does not represent all transgender people. ",NGO + Fact-Checkers,LGBTQIA+ community,"[225, 247, 248, 249, 251]",2589.0,FC,https://www.factcheck.org/2023/03/old-hoax-shows-up-in-posts-about-nashville-school-shooter/,"['https://efcl.org/wp-content/uploads/2020/04/LGBTQ-Myth-Busting-the-LGBTQ-Community.pdf', 'https://www.coolmindshk.com/en/top-5-myths-about-lgbt-mental-health/', 'https://www.coolmindshk.com/en/top-5-myths-about-lgbt-mental-health/', 'https://www.coolmindshk.com/en/top-5-myths-about-lgbt-mental-health/', 'https://www.coolmindshk.com/en/top-5-myths-about-lgbt-mental-health/']","['16', '1', '2', '3', '5']",0.045
2020,"I knew trans people are sick in the head, like that shooter in Nashville. They are a threat to our safety!","It's important to recognize that being transgender is not a mental illness or a threat to safety; rather, it is an aspect of identity that affects many individuals deeply and profoundly. The actions of a single individual do not represent an entire community, and fostering understanding and support for trans people can significantly reduce the mental health struggles they face, which are often a result of societal discrimination rather than their identity.","It's important to recognize that being transgender is not a mental illness or a threat to safety; rather, it is an aspect of identity that affects many individuals deeply and profoundly. The actions of a single individual do not represent an entire community, and fostering understanding and support for trans people can significantly reduce the mental health struggles they face, which are often a result of societal discrimination rather than their identity.",NGO,LGBTQIA+ community,"[225, 247, 248, 249, 251]",,NGO,,"['https://efcl.org/wp-content/uploads/2020/04/LGBTQ-Myth-Busting-the-LGBTQ-Community.pdf', 'https://www.coolmindshk.com/en/top-5-myths-about-lgbt-mental-health/', 'https://www.coolmindshk.com/en/top-5-myths-about-lgbt-mental-health/', 'https://www.coolmindshk.com/en/top-5-myths-about-lgbt-mental-health/', 'https://www.coolmindshk.com/en/top-5-myths-about-lgbt-mental-health/']","['16', '1', '2', '3', '5']",0.0
1812,"I really can't stand immigrants coming here and taking advantage of our resources. McCraw is right in calling them cockroaches, they are an infestation!","The claim that Director McCraw referred to all immigrants as ""cockroaches"" is misleading; he was specifically discussing members of the Tren de Aragua gang, not all undocumented immigrants. It is crucial to recognize that generalizing about immigrants based on the actions of a specific group perpetuates harmful stereotypes and fails to acknowledge the positive contributions immigrants make to society.","The claim that Director McCraw referred to all immigrants as ""cockroaches"" is misleading; he was specifically discussing members of the Tren de Aragua gang, not all undocumented immigrants. It is crucial to recognize that generalizing about immigrants based on the actions of a specific group perpetuates harmful stereotypes and fails to acknowledge the positive contributions immigrants make to society.",Fact-Checkers,migrants,,1519.0,FC,https://checkyourfact.com/2024/09/20/fact-check-post-texas-dps-leader-immigrants-cockroaches/,,,0.0
2285,"I really can't stand immigrants coming here and taking advantage of our resources. McCraw is right in calling them cockroaches, they are an infestation!","It's important to recognize that the term ""cockroaches"" was specifically used to describe members of the Tren de Aragua gang, not all immigrants, and this mischaracterization feeds harmful stereotypes. In reality, immigrants contribute significantly to society and the economy, filling essential roles and paying more in taxes than they receive in benefits, demonstrating that they are an integral part of our communities rather than a burden.","It's important to recognize that the term ""cockroaches"" was specifically used to describe members of the Tren de Aragua gang, not all immigrants, and this mischaracterization feeds harmful stereotypes. In reality, immigrants contribute significantly to society and the economy, filling essential roles and paying more in taxes than they receive in benefits, demonstrating that they are an integral part of our communities rather than a burden.",NGO + Fact-Checkers,migrants,"[39, 51, 91, 100, 105]",1519.0,FC,https://checkyourfact.com/2024/09/20/fact-check-post-texas-dps-leader-immigrants-cockroaches/,"['https://worldrelief.org/blog-immigration-myths/', 'https://edmo.eu/publications/disinformers-use-similar-arguments-and-techniques-to-steer-hate-against-migrants-from-ukraine-or-the-global-south-2/#:~:text=FALSE%20NARRATIVE%20%231%20%E2%80%93%20Migrants%20are,a%20danger%20for%20European%20societies.', 'https://iine.org/2024/04/dispelling-10-common-myths-about-immigrants-and-refugees/', 'https://www.learningforjustice.org/magazine/spring-2011/ten-myths-about-immigration', 'https://www.learningforjustice.org/magazine/spring-2011/ten-myths-about-immigration']","['1', '2a', '3', '1', '7']",0.0
1969,"I really can't stand immigrants coming here and taking advantage of our resources. McCraw is right in calling them cockroaches, they are an infestation!","It's important to understand that immigrants are not a burden on our resources; in fact, they significantly contribute to our economy by taking on essential jobs, starting businesses, and paying taxes. Many newcomers come to the U.S. seeking safety and opportunity, and they repay the support they receive many times over through their hard work and contributions to society.","It's important to understand that immigrants do not burden our resources. In fact, they significantly contribute to our economy by taking on essential jobs, starting businesses, and paying taxes. Many newcomers come to the U.S. seeking safety and opportunity, and they repay the support they receive through their hard work and contributions to society many times over.",NGO,migrants,"[39, 51, 91, 100, 105]",,NGO,,"['https://worldrelief.org/blog-immigration-myths/', 'https://edmo.eu/publications/disinformers-use-similar-arguments-and-techniques-to-steer-hate-against-migrants-from-ukraine-or-the-global-south-2/#:~:text=FALSE%20NARRATIVE%20%231%20%E2%80%93%20Migrants%20are,a%20danger%20for%20European%20societies.', 'https://iine.org/2024/04/dispelling-10-common-myths-about-immigrants-and-refugees/', 'https://www.learningforjustice.org/magazine/spring-2011/ten-myths-about-immigration', 'https://www.learningforjustice.org/magazine/spring-2011/ten-myths-about-immigration']","['1', '2a', '3', '1', '7']",0.153
2562,"I saw a picture that showed 700,000 migrants heading to the US border! They're planning to invade us!","It's important to recognize that people seeking safety from persecution and violence often do whatever they can to reach a place where they can live without fear. The overwhelming majority of immigrants come to the U.S. to work, reunite with family, or escape dangerous situations, and studies show that they are less likely to commit crimes than native-born individuals, contributing positively to our communities.","It's important to recognize that people seeking safety from persecution and violence often do whatever they can to reach a place where they can live without fear. The overwhelming majority of immigrants are seeking to reunite with family, or escape dangerous situations, and studies show that they are less likely to commit crimes than native-born individuals, contributing positively to our communities.",NGO,migrants,"[93, 100, 103, 105]",,NGO,,"['https://iine.org/2024/04/dispelling-10-common-myths-about-immigrants-and-refugees/', 'https://www.learningforjustice.org/magazine/spring-2011/ten-myths-about-immigration', 'https://www.learningforjustice.org/magazine/spring-2011/ten-myths-about-immigration', 'https://www.learningforjustice.org/magazine/spring-2011/ten-myths-about-immigration']","['6', '1', '5', '7']",0.078
2510,"I saw a picture that showed 700,000 migrants heading to the US border! They're planning to invade us!","It's important to clarify that the photo claiming to show 700,000 migrants heading to the border is actually from 2018, misrepresented in the context of current events. The reality is that people seeking safety from violence and persecution often make difficult journeys, and U.S. asylum policies are designed to offer legal protection rather than create crises, as restricting entry has only led to more chaos at the border.","It's important to clarify that the photo claiming to show 700,000 migrants heading to the border is actually from 2018, and it was miscaptioned as a recent event. Moreover, immigrants coming to the U.S. do not want to invade it, they are just seeking safety from violence and persecution, often making difficult journeys. The U.S. asylum policies are designed to offer legal protection rather than to create crises, as restricting entry has only led to more chaos at the border.",NGO + Fact-Checkers,migrants,"[93, 100, 103, 105]",756.0,NGO,https://apnews.com/article/fact-check-title-42-caravan-photo-996759657983,"['https://iine.org/2024/04/dispelling-10-common-myths-about-immigrants-and-refugees/', 'https://www.learningforjustice.org/magazine/spring-2011/ten-myths-about-immigration', 'https://www.learningforjustice.org/magazine/spring-2011/ten-myths-about-immigration', 'https://www.learningforjustice.org/magazine/spring-2011/ten-myths-about-immigration']","['6', '1', '5', '7']",0.397
2107,"I saw a picture that showed 700,000 migrants heading to the US border! They're planning to invade us!","The claim of 700,000 migrants heading to the U.S. border is based on a misrepresented photo taken in 2018, which shows a migrant caravan traveling from Guatemala to Mexico, not current events. Additionally, while there has been an increase in border encounters as asylum restrictions are lifted, the narrative of an ""invasion"" is misleading and does not reflect the actual circumstances at the border.","The photo was taken in 2018, and it shows a migrant caravan traveling from Guatemala to Mexico, not current events. While the lifting of pandemic-related asylum restrictions has led to chaotic scenes at the border, the narrative of an ""invasion"" is misleading. ",Fact-Checkers,migrants,,756.0,FC,https://apnews.com/article/fact-check-title-42-caravan-photo-996759657983,,,0.641
2505,I saw an article about a naked man at a Pride parade. It's disgusting! This is what Pride is all about!,"It's important to recognize that Pride celebrations are about love, acceptance, and the right to express oneself freely, which includes the diversity of human experiences. Rather than focusing on isolated incidents, we should celebrate the rich variety of identities that make up the LGBTQ+ community, which has existed throughout history and across cultures, and support each individual's right to express their true selves without judgment.","Well, I don't know about this specific event, but the Pride celebrations are all about love, acceptance, and the right to express oneself freely, which includes the diversity of human experiences. Rather than focusing on isolated incidents, we should celebrate the rich variety of identities that make up the LGBTQ+ community, which has existed throughout history and across cultures, and support each individual's right to express their true selves without judgment.",NGO,LGBTQIA+ community,"[247, 248]",,NGO,,"['https://www.coolmindshk.com/en/top-5-myths-about-lgbt-mental-health/', 'https://www.coolmindshk.com/en/top-5-myths-about-lgbt-mental-health/']","['1', '2']",0.169
2089,I saw an article about a naked man at a Pride parade. It's disgusting! This is what Pride is all about!,"The claim that a man exposed himself at a Pride parade and that this represents the essence of Pride is false and is based on a fabricated headline that was never published by The Atlantic. In fact, the magazine confirmed that the supposed article does not exist, and such misinformation only serves to misrepresent the inclusive and celebratory nature of Pride events.","Such article does not exist: it's a fabricated headline that was never published by The Atlantic. The image coming with the article is also fabricated, and spread with the aim of misrepresenting the inclusive and celebratory nature of Pride events.",Fact-Checkers,LGBTQIA+ community,,767.0,FC,https://apnews.com/ap-fact-check/fabricated-image-shows-made-up-atlantic-headline-about-a-pride-parade-00000188f95ed70daf88fbde72890000,,,0.661
2526,I saw an article about a naked man at a Pride parade. It's disgusting! This is what Pride is all about!,"It's important to clarify that the claims about inappropriate behavior at Pride events are often exaggerated or fabricated, as evidenced by the recent false headline circulating about an incident at a Pride parade, which was confirmed to be doctored. Pride celebrations are fundamentally about love, acceptance, and celebrating diversity, and they draw attention to the challenges faced by the LGBTQ+ community, rather than the negative stereotypes that some people may associate with them.","Similar claims about inappropriate behavior at Pride events are often exaggerated or fabricated, as proven by the recent false headline circulating about the incident you mentioned, which was confirmed to be fake. Pride celebrations are fundamentally about love, acceptance, and celebrating diversity, and they draw attention to the challenges faced by the LGBTQIA+ community that often go unseen.",NGO + Fact-Checkers,LGBTQIA+ community,"[247, 248]",767.0,NGO,https://apnews.com/ap-fact-check/fabricated-image-shows-made-up-atlantic-headline-about-a-pride-parade-00000188f95ed70daf88fbde72890000,"['https://www.coolmindshk.com/en/top-5-myths-about-lgbt-mental-health/', 'https://www.coolmindshk.com/en/top-5-myths-about-lgbt-mental-health/']","['1', '2']",0.356
2677,I saw that Salman Rushdie said Muslims won't rest until every culture is either annihilated or converted. That's exactly what they want!,"It is essential to recognize that the actions of a minority of extremists do not represent the beliefs of the vast majority of Muslims, who actively reject violence and terrorism. In fact, Muslims are among the primary victims of such acts, and countless Muslim leaders have condemned terrorism as a distortion of their faith, promoting instead messages of peace and respect for all cultures.","It is essential to recognize that the actions of a minority of extremists do not represent the beliefs of the vast majority of Muslims, who actively reject violence and terrorism. In fact, Muslims are among the primary victims of such acts, and countless Muslim leaders have condemned terrorism as a distortion of their faith, promoting instead, messages of peace and respect for all cultures.",NGO,muslims,"[2, 5, 6, 25, 29, 32, 33]",,NGO,,"['https://www.adl.org/sites/default/files/myths-and-facts-about-muslim-people-and-islam.pdf', 'https://www.learningforjustice.org/sites/default/files/general/tt_debunking_misconceptions_0.pdf', 'https://www.learningforjustice.org/sites/default/files/general/tt_debunking_misconceptions_0.pdf', 'https://www.learningforjustice.org/magazine/spring-2017/busting-common-myths-about-islam', 'https://communitiesinc.org.uk/islam-mythbuster/', 'https://communitiesinc.org.uk/islam-mythbuster/', 'https://communitiesinc.org.uk/islam-mythbuster/']","['2', '1', '2', '1', '2', '5', '6']",0.016
1867,I saw that Salman Rushdie said Muslims won't rest until every culture is either annihilated or converted. That's exactly what they want!,"The claim that Salman Rushdie stated Muslims will not rest until every culture is annihilated or converted is a false attribution that he has publicly denied. In fact, Rushdie has never made such statements, and the quote circulating online has been proven to be fabricated.","The claim that Salman Rushdie stated Muslims will not rest until every culture is annihilated or converted is a false attribution that he has publicly denied. In fact, Rushdie has never made such statements, and the quote circulating online has been proven to be fabricated. Salman Rushdie himself addressed this on Twitter and denied the truth of these reports. Furthermore, a keyword search for the quote yielded no results, which confirms the assertion that no such public statement was made.",Fact-Checkers,muslims,,1221.0,FC,https://www.boomlive.in/fact-check/salman-rushdie-author-victory-city-knife-attack-anti-islam-quote-twitter-fact-check-20968,,,0.778
2041,I saw that Salman Rushdie said Muslims won't rest until every culture is either annihilated or converted. That's exactly what they want!,"It's important to clarify that the quote attributed to Salman Rushdie is actually false, as he has publicly denied ever making such a statement. Extremism and violence are not representative of Islam as a whole, and the majority of Muslims around the world reject such ideologies, viewing them as a distortion of their faith, while many Muslim leaders actively condemn acts of terrorism and promote peace.","It's important to clarify that the quote attributed to Salman Rushdie is false; he has publicly denied making such a statement. Extremism and violence do not represent Islam as a whole. The majority of Muslims worldwide reject such ideologies, viewing them as a distortion of their faith. Many Muslim leaders actively condemn terrorism and promote peace.",NGO + Fact-Checkers,muslims,"[2, 5, 6, 25, 29, 32, 33]",1221.0,NGO,https://www.boomlive.in/fact-check/salman-rushdie-author-victory-city-knife-attack-anti-islam-quote-twitter-fact-check-20968,"['https://www.adl.org/sites/default/files/myths-and-facts-about-muslim-people-and-islam.pdf', 'https://www.learningforjustice.org/sites/default/files/general/tt_debunking_misconceptions_0.pdf', 'https://www.learningforjustice.org/sites/default/files/general/tt_debunking_misconceptions_0.pdf', 'https://www.learningforjustice.org/magazine/spring-2017/busting-common-myths-about-islam', 'https://communitiesinc.org.uk/islam-mythbuster/', 'https://communitiesinc.org.uk/islam-mythbuster/', 'https://communitiesinc.org.uk/islam-mythbuster/']","['2', '1', '2', '1', '2', '5', '6']",0.273
1819,I think women shouldn't have the chance to abort their babies after 20 weeks under any circumstances: it's basically homicide. They just use it as a form of birth control.,"It is important to recognize that the legal framework surrounding abortion includes specific exceptions, such as when a woman's life is at risk or in cases of rape and incest. The assertion that abortion after 20 weeks is universally treated as homicide disregards the complexity of medical conditions that may arise later in pregnancy, which can necessitate such procedures for the health and well-being of the woman involved.","It is important to recognize that the legal framework surrounding abortion includes specific exceptions, such as when a woman's life is at risk or in cases of rape and incest. The assertion that abortion after 20 weeks is universally treated as homicide disregards the complexity of medical conditions that may arise later in pregnancy, which can justify such procedures for the health and well-being of the woman involved.",Fact-Checkers,women,,7442.0,FC,https://www.washingtonpost.com/news/fact-checker/wp/2018/02/05/do-republicans-want-to-ban-abortion-after-20-weeks-with-no-exceptions/,,,0.015
2558,I think women shouldn't have the chance to abort their babies after 20 weeks under any circumstances: it's basically homicide. They just use it as a form of birth control.,"It's important to recognize that the vast majority of women who have abortions do so in the first 12 weeks of pregnancy, and those seeking later abortions often face exceptional and challenging circumstances. Additionally, many women who undergo abortions were using contraception at the time of conception, highlighting that access to safe and legal abortion is essential for supporting women's health and autonomy rather than being a form of birth control.","It's important to recognize that the vast majority of women who have abortions do so in the first 12 weeks of pregnancy, and those seeking later abortions often face exceptional and challenging circumstances. Additionally, many women who undergo abortions were using contraception at the time of conception, highlighting that access to safe and legal abortion is essential for supporting women's health and autonomy rather than being a form of birth control.",NGO,women,"[165, 167, 170, 171]",,NGO,,"['https://www.bpas.org/media/2nelmu3y/10-abortion-myths-booklet.pdf', 'https://www.bpas.org/media/2nelmu3y/10-abortion-myths-booklet.pdf', 'https://www.bpas.org/media/2nelmu3y/10-abortion-myths-booklet.pdf', 'https://www.bpas.org/media/2nelmu3y/10-abortion-myths-booklet.pdf']","['10', '8', '5', '3']",0.0
1970,I think women shouldn't have the chance to abort their babies after 20 weeks under any circumstances: it's basically homicide. They just use it as a form of birth control.,"It's important to recognize that a significant majority of abortions occur within the first 12 weeks of pregnancy, and only 1% take place after 20 weeks, often in extremely challenging circumstances. Many women seeking later abortions may face serious medical conditions or life-altering situations, and the decision is rarely made lightly, contradicting the notion that abortion is merely used as a form of birth control.","Are you referring to the bil banning abortion after 20 weeks under any circumstances? It would be very dangerous for women who will be at risk of death or a serious harm due to pregnancy. It's important to recognize that the majority of abortions occur within the first 12 weeks of pregnancy, and only 1% take place after 20 weeks, often in extremely challenging circumstances. Many women seeking later abortions may face serious medical conditions or life-altering situations, and the decision is rarely made lightly. This contradicts the notion that abortion is merely used as a form of birth control.",NGO + Fact-Checkers,women,"[165, 167, 170, 171]",7442.0,NGO,https://www.washingtonpost.com/news/fact-checker/wp/2018/02/05/do-republicans-want-to-ban-abortion-after-20-weeks-with-no-exceptions/,"['https://www.bpas.org/media/2nelmu3y/10-abortion-myths-booklet.pdf', 'https://www.bpas.org/media/2nelmu3y/10-abortion-myths-booklet.pdf', 'https://www.bpas.org/media/2nelmu3y/10-abortion-myths-booklet.pdf', 'https://www.bpas.org/media/2nelmu3y/10-abortion-myths-booklet.pdf']","['10', '8', '5', '3']",0.6
2499,"I've heard that Jews are stealing Christian children and using their blood for rituals. It's all over social media, it has to be true!","It is important to recognize that the myths surrounding Jews and blood rituals are rooted in centuries-old stereotypes designed to dehumanize and scapegoat them, often resulting in violence and discrimination. In reality, Jewish law strictly prohibits the consumption of blood, and these baseless claims only serve to perpetuate fear and division rather than foster understanding and respect among communities.","In reality, Jewish law strictly prohibits the consumption of blood even in the meat of animals they eat. Myths surrounding Jews and blood rituals originated in the Middle Ages, when Jewish people were stigmatised as enemies of Christianity. Such myths are designed to dehumanize and scapegoat them, often resulting in anti-semitic riots and mass murders, which is why it's important to actively challenge them. ",NGO,jews,"[116, 122]",,NGO,,"['https://www.enar-eu.org/wp-content/uploads/debunkingmyths_lr.pdf', 'https://www.osce.org/files/f/documents/9/2/441098.pdf']","['2', '1']",0.729
2522,"I've heard that Jews are stealing Christian children and using their blood for rituals. It's all over social media, it has to be true!","The claim that Jews are stealing Christian children for ritualistic purposes is a long-standing antisemitic myth with no basis in reality, tracing back nearly a thousand years and fueled by misinformation. In fact, the notion of ""blood libel"" has been thoroughly debunked, as Jewish law explicitly prohibits the consumption of blood, and these false accusations have historically led to violence and persecution against Jewish communities.","You might have seen the video by Tommy Truthful: elements of that video already appeared more than a decade ago. The speaker repeats the Blood Libel, one of the oldest antisemitic conspiracy theories, which states that Jews are stealing Christian children for ritualistic purposes. This myth has been thoroughly debunked, as Jewish law explicitly prohibits the consumption of blood and these false accusations have historically led to anti-Semitic riots and mass murders.",NGO + Fact-Checkers,jews,"[116, 122]",4088.0,NGO,https://leadstories.com/hoax-alert/2022/04/fact-check-jews-are-not-stealing-christian-children-sacrificing-them-making-us-cannibals.html,"['https://www.enar-eu.org/wp-content/uploads/debunkingmyths_lr.pdf', 'https://www.osce.org/files/f/documents/9/2/441098.pdf']","['2', '1']",0.677
2422,"I've heard that Jews are stealing Christian children and using their blood for rituals. It's all over social media, it has to be true!","The claim that Jews are stealing Christian children for blood rituals is a long-standing antisemitic myth known as blood libel, which has been debunked repeatedly over centuries. This harmful conspiracy theory has no basis in fact and perpetuates hatred, as it falsely portrays Jewish people as child murderers, a narrative that has historically led to violence and persecution against them.","The claim that Jews are stealing Christian children for blood rituals is a long-standing antisemitic myth known as blood libel, which has been debunked repeatedly over centuries. This harmful conspiracy theory has no basis in fact and perpetuates hatred, as it falsely portrays Jewish people as child murderers, a narrative that has historically led to violence and persecution against them.",Fact-Checkers,jews,,4088.0,FC,https://leadstories.com/hoax-alert/2022/04/fact-check-jews-are-not-stealing-christian-children-sacrificing-them-making-us-cannibals.html,,,0.0
2413,Immigrants are driving up house prices in England. Their presence is making it harder for locals to afford homes.,"While it's argued that immigrants contribute to rising house prices, a closer look reveals that income growth is the primary driver, accounting for a staggering 150% increase in prices. Furthermore, various studies indicate that in some local areas, immigration can actually lead to a decrease in house prices, highlighting the complex interplay of factors in the housing market rather than a straightforward blame on immigrants.","While it's argued that immigrants contribute to rising house prices, a closer look reveals that income growth is the primary driver, accounting for a staggering 150% increase in prices. Furthermore, various studies indicate that in some local areas, immigration can actually lead to a decrease in house prices, highlighting the complex interplay of factors in the housing market rather than a straightforward blame on immigrants.",NGO + Fact-Checkers,migrants,"[39, 48, 51]",8116.0,NGO,https://fullfact.org/immigration/have-house-prices-risen-because-immigrants/,"['https://worldrelief.org/blog-immigration-myths/', 'https://www.infomigrants.net/en/post/53960/fact-or-fiction--investigating-claims-about-migration-in-2023', 'https://edmo.eu/publications/disinformers-use-similar-arguments-and-techniques-to-steer-hate-against-migrants-from-ukraine-or-the-global-south-2/#:~:text=FALSE%20NARRATIVE%20%231%20%E2%80%93%20Migrants%20are,a%20danger%20for%20European%20societies.']","['1', '5', '2a']",0.0
2130,Immigrants are driving up house prices in England. Their presence is making it harder for locals to afford homes.,"While it is true that immigration has been associated with a 21% increase in house prices in England, this figure must be considered in the context of other significant factors. Income growth has been identified as the largest driver of house price increases, accounting for 150% of the rise, while other studies show that immigration can lead to a decrease in local house prices, particularly in areas with an influx of less affluent immigrants.","While it is true that immigration has been associated with a 21% increase in house prices in England, this figure must be considered in the context of other significant factors. Income growth has been identified as the largest driver of house price increases, accounting for 150% of the rise, while other studies show that immigration can lead to a decrease in local house prices, particularly in areas with an influx of less affluent immigrants. This happens due to natives leaving the area and, therefore, house prices reducing because of less demand and less wealth in the area. ",Fact-Checkers,migrants,,8116.0,FC,https://fullfact.org/immigration/have-house-prices-risen-because-immigrants/,,,0.311
2381,Immigrants are driving up house prices in England. Their presence is making it harder for locals to afford homes.,"It's important to recognize that immigrants contribute positively to the economy by filling essential jobs and paying taxes, which can help stimulate local markets rather than drive prices up. Furthermore, the presence of immigrants can lead to increased demand for housing, benefiting the economy as a whole and supporting community growth.","That's not true. Immigrants contribute positively to the economy by filling essential jobs and paying taxes, which can help stimulate local markets rather than drive prices up. Furthermore, the presence of immigrants can lead to increased demand for housing, benefit the economy as a whole and support community growth.",NGO,migrants,"[39, 48, 51]",,NGO,,"['https://worldrelief.org/blog-immigration-myths/', 'https://www.infomigrants.net/en/post/53960/fact-or-fiction--investigating-claims-about-migration-in-2023', 'https://edmo.eu/publications/disinformers-use-similar-arguments-and-techniques-to-steer-hate-against-migrants-from-ukraine-or-the-global-south-2/#:~:text=FALSE%20NARRATIVE%20%231%20%E2%80%93%20Migrants%20are,a%20danger%20for%20European%20societies.']","['1', '5', '2a']",0.157
2384,Immigration rules in the UK are just ridiculous! Why should we let in people who can't even support themselves? It's not fair to our own citizens.,"It’s important to recognize that many migrants are eager to contribute to the economy by filling essential jobs, starting businesses, and paying taxes, which ultimately benefits everyone in the community. By creating more inclusive policies, we can harness the potential of these individuals, who often want to work and support their families, rather than seeing them as a burden.","Many migrants are eager to contribute to the economy by filling essential jobs, starting businesses, and paying taxes, which ultimately benefits everyone in the community. By creating more inclusive policies, we can harness the potential of these individuals, who often want to work and support their families, rather than seeing them as a burden.",NGO,migrants,"[39, 46, 48, 51, 85, 104]",,NGO,,"['https://worldrelief.org/blog-immigration-myths/', 'https://www.infomigrants.net/en/post/53960/fact-or-fiction--investigating-claims-about-migration-in-2023', 'https://www.infomigrants.net/en/post/53960/fact-or-fiction--investigating-claims-about-migration-in-2023', 'https://edmo.eu/publications/disinformers-use-similar-arguments-and-techniques-to-steer-hate-against-migrants-from-ukraine-or-the-global-south-2/#:~:text=FALSE%20NARRATIVE%20%231%20%E2%80%93%20Migrants%20are,a%20danger%20for%20European%20societies.', 'https://www.rescue.org/uk/article/11-myths-and-misconceptions-about-refugees-debunked', 'https://www.learningforjustice.org/magazine/spring-2011/ten-myths-about-immigration']","['1', '3', '5', '2a', '5', '6']",0.102
2416,Immigration rules in the UK are just ridiculous! Why should we let in people who can't even support themselves? It's not fair to our own citizens.,"It's important to recognize that immigration can positively impact the economy, as refugees and immigrants often fill essential jobs, start businesses, and contribute taxes that exceed the benefits they receive. Furthermore, many asylum seekers want to work and support themselves, but current UK policies delay their ability to do so, creating unnecessary barriers that hurt both them and the economy.","Immigration can positively impact the economy, as refugees and immigrants often fill essential jobs, start businesses, and contribute taxes that exceed the benefits they receive. Furthermore, many asylum seekers want to work and support themselves, but current UK policies delay their ability to do so, creating unnecessary barriers that hurt both them and the economy.",NGO + Fact-Checkers,migrants,"[39, 46, 48, 51, 85, 104]",7691.0,NGO,https://fullfact.org/education/you-usually-need-earn-18600-year-bring-non-eu-partner-uk/,"['https://worldrelief.org/blog-immigration-myths/', 'https://www.infomigrants.net/en/post/53960/fact-or-fiction--investigating-claims-about-migration-in-2023', 'https://www.infomigrants.net/en/post/53960/fact-or-fiction--investigating-claims-about-migration-in-2023', 'https://edmo.eu/publications/disinformers-use-similar-arguments-and-techniques-to-steer-hate-against-migrants-from-ukraine-or-the-global-south-2/#:~:text=FALSE%20NARRATIVE%20%231%20%E2%80%93%20Migrants%20are,a%20danger%20for%20European%20societies.', 'https://www.rescue.org/uk/article/11-myths-and-misconceptions-about-refugees-debunked', 'https://www.learningforjustice.org/magazine/spring-2011/ten-myths-about-immigration']","['1', '3', '5', '2a', '5', '6']",0.1
2139,Immigration rules in the UK are just ridiculous! Why should we let in people who can't even support themselves? It's not fair to our own citizens.,"The UK immigration rules include a minimum income requirement of £18,600 for those bringing partners from outside the European Economic Area, which was established to prevent financial dependency on the state. This threshold is based on careful analysis to ensure that families coming to the UK do not become a financial burden, and it applies equally to non-British nationals living in the UK.","The UK immigration rules include a minimum income requirement of £18,600 for those bringing partners from outside the European Economic Area, which was established to prevent financial dependency on the state. This threshold is based on careful analysis to ensure that families coming to the UK do not become a financial burden, and it applies equally to non-British nationals living in the UK.",Fact-Checkers,migrants,,7691.0,FC,https://fullfact.org/education/you-usually-need-earn-18600-year-bring-non-eu-partner-uk/,,,0.0
2410,It's crazy how the government voted against deporting even criminal undocumented immigranst! This is a betrayal of our founding fathers.,"It's important to clarify that the claim about the government voting against deporting criminal undocumented immigrants misrepresents the situation; in fact, the Biden administration has directed ICE to prioritize the deportation of those who have committed serious felonies. Furthermore, studies demonstrate that undocumented immigrants are actually less likely to commit crimes than native-born Americans, and the overwhelming majority of immigrants contribute positively to society and do not fit the stereotype of being criminals.","The claim about the government voting against deporting criminal undocumented immigrants misrepresents the situation; in fact, the Biden administration has directed ICE to prioritise the deportation of those who have committed serious felonies. Furthermore, studies demonstrate that undocumented immigrants are less likely to commit crimes than native-born Americans, and the overwhelming majority of immigrants contribute positively to society and do not fit the stereotype of being criminals.",NGO + Fact-Checkers,migrants,"[40, 75, 78, 103]",2567.0,NGO,https://www.factcheck.org/2022/10/misleading-attack-about-democrats-and-criminal-immigrants/,"['https://worldrelief.org/blog-immigration-myths/', 'https://www.vera.org/news/debunking-the-lies-politicians-say-about-immigrants', 'https://www.vera.org/news/debunking-the-lies-politicians-say-about-immigrants', 'https://www.learningforjustice.org/magazine/spring-2011/ten-myths-about-immigration']","['2', '3', '7', '5']",0.11
2378,It's crazy how the government voted against deporting even criminal undocumented immigranst! This is a betrayal of our founding fathers.,"It's important to recognize that undocumented immigrants are actually less likely to commit crimes than native-born Americans, with studies showing they have lower crime rates across the board. By focusing on the contributions and positive impacts of immigrants in our communities, we can foster a more inclusive and understanding society that honors our shared values.","Undocumented immigrants are less likely to commit crimes than native-born Americans, with studies showing they have lower crime rates across the board. By focusing on the contributions and positive impacts of immigrants in our communities, we can foster a more inclusive and understanding society that honours our shared values.",NGO,migrants,"[40, 75, 78, 103]",,NGO,,"['https://worldrelief.org/blog-immigration-myths/', 'https://www.vera.org/news/debunking-the-lies-politicians-say-about-immigrants', 'https://www.vera.org/news/debunking-the-lies-politicians-say-about-immigrants', 'https://www.learningforjustice.org/magazine/spring-2011/ten-myths-about-immigration']","['2', '3', '7', '5']",0.145
2140,It's crazy how the government voted against deporting even criminal undocumented immigranst! This is a betrayal of our founding fathers.,"The claim that ""every Senate Democrat voted against deporting criminal illegal immigrants"" is misleading, as their vote was against delaying the passage of the Inflation Reduction Act in order to consider increased funding for deportation efforts, which they had already supported. In fact, Democrats had previously increased ICE's budget to prioritize the deportation of immigrants with serious criminal convictions, demonstrating a commitment to addressing criminal activity among undocumented individuals.","The claim that ""every Senate Democrat voted against deporting criminal illegal immigrants"" is misleading, as their vote was against delaying the passage of the Inflation Reduction Act in order to consider increased funding for deportation efforts, which they had already supported. In fact, Democrats had previously increased ICE's budget to prioritize the deportation of immigrants with serious criminal convictions, demonstrating a commitment to addressing criminal activity among undocumented individuals.",Fact-Checkers,migrants,,2567.0,FC,https://www.factcheck.org/2022/10/misleading-attack-about-democrats-and-criminal-immigrants/,,,0.0
2417,It's only fair that the UK government has no time limit to detain immigrants. They should lock them up and throw away the key!,"It's essential to recognize that the UK immigration detention system, while lacking a strict time limit, still operates under a principle of reasonableness, and the majority of those detained are released after a short period. Furthermore, the notion that immigrants are inherently dangerous is misleading; studies consistently show that immigrants are less likely to commit crimes than native-born individuals, contradicting the harmful stereotypes that contribute to fear and misinformation about their presence in society.","The UK immigration detention system, while lacking a strict time limit, still operates under a principle of reasonableness, and the majority of those detained are released after a short period. Furthermore, the notion that immigrants are inherently dangerous is misleading; studies consistently show that immigrants are less likely to commit crimes than native-born individuals, contradicting the harmful stereotypes that contribute to fear and misinformation about their presence in society.",NGO + Fact-Checkers,migrants,"[40, 50]",7740.0,NGO,https://fullfact.org/law/limits-immigration-detention/,"['https://worldrelief.org/blog-immigration-myths/', 'https://edmo.eu/publications/disinformers-use-similar-arguments-and-techniques-to-steer-hate-against-migrants-from-ukraine-or-the-global-south-2/#:~:text=FALSE%20NARRATIVE%20%231%20%E2%80%93%20Migrants%20are,a%20danger%20for%20European%20societies.']","['2', '1']",0.081
2385,It's only fair that the UK government has no time limit to detain immigrants. They should lock them up and throw away the key!,"It is important to recognize that the majority of immigrants, including those seeking asylum, are law-abiding individuals who contribute positively to society rather than presenting a threat. In fact, evidence shows that immigrants are less likely to commit crimes than native-born citizens, and communities with higher immigrant populations often experience lower crime rates, highlighting the positive impact of diversity.","The majority of immigrants, including those seeking asylum, are law-abiding individuals who contribute positively to society rather than presenting a threat. Evidence shows that immigrants are less likely to commit crimes than native-born citizens, and communities with higher immigrant populations often experience lower crime rates, highlighting the positive impact of diversity.",NGO,migrants,"[40, 50]",,NGO,,"['https://worldrelief.org/blog-immigration-myths/', 'https://edmo.eu/publications/disinformers-use-similar-arguments-and-techniques-to-steer-hate-against-migrants-from-ukraine-or-the-global-south-2/#:~:text=FALSE%20NARRATIVE%20%231%20%E2%80%93%20Migrants%20are,a%20danger%20for%20European%20societies.']","['2', '1']",0.169
2141,It's only fair that the UK government has no time limit to detain immigrants. They should lock them up and throw away the key!,"The UK does not have a time limit on immigration detention, unlike most EU countries where detention typically cannot exceed six months. However, this does not equate to indefinite detention; the legal framework requires that any detention must be ""reasonable,"" and in practice, nearly two-thirds of those detained leave within 29 days, while only a small percentage are held for extended periods.","The UK does not have a time limit on immigration detention, unlike most EU countries where detention typically cannot exceed six months. However, this does not equate to indefinite detention; the legal framework requires that any detention must be ""reasonable,"" and in practice, nearly two-thirds of those detained leave within 29 days, while only a small percentage are held for extended periods.",Fact-Checkers,migrants,,7740.0,FC,https://fullfact.org/law/limits-immigration-detention/,,,0.0
2265,It's ridiculous that the US Government cares more about migrants than our veterans! They even get better healthcare now!,"The claim that the government prioritizes healthcare for migrants over veterans is misleading, as the legislation in question did not affect veterans' medical care at all. In fact, the Veterans Affairs Department is already working on a comprehensive electronic health records system, which has received significant funding and is designed to enhance care for veterans, independent of any proposals related to migrant healthcare.","The claim that the government prioritizes healthcare for migrants over veterans is misleading, as the legislation in question did not affect veterans' medical care at all. In fact, the Veterans Affairs Department is already working on a comprehensive electronic health records system, which has received significant funding and is designed to enhance care for veterans, independent of any proposals related to migrant healthcare.",Fact-Checkers,migrants,,2483.0,FC,https://www.factcheck.org/2019/12/a-misleading-take-on-immigrant-veterans-health-care/,,,0.0
2015,It's ridiculous that the US Government cares more about migrants than our veterans! They even get better healthcare now!,"It's important to recognize that both veterans and immigrants contribute significantly to our society, and pitting their needs against each other is not constructive. In fact, the U.S. allocated $303.8 billion to support veterans in 2023, while immigrant support is much more limited, showing that our government is committed to caring for those who have served while also recognizing the vital role immigrants play in strengthening our workforce and economy.","It's important to recognize that both veterans and immigrants contribute significantly to our society, and pitting their needs against each other is not constructive. Although refugees and other persecuted populations arrive in the U.S. with only basic public assistance and extremely limited resources, they quickly enter the workforce—often in critical sectors like healthcare, STEM, and construction—and end up contributing far more to the economy than they ever receive.",NGO,migrants,"[76, 91, 96, 104]",,NGO,,"['https://www.vera.org/news/debunking-the-lies-politicians-say-about-immigrants', 'https://iine.org/2024/04/dispelling-10-common-myths-about-immigrants-and-refugees/', 'https://iine.org/2024/04/dispelling-10-common-myths-about-immigrants-and-refugees/', 'https://www.learningforjustice.org/magazine/spring-2011/ten-myths-about-immigration']","['4', '3', '10', '6']",0.629
2451,It's ridiculous that the US Government cares more about migrants than our veterans! They even get better healthcare now!,"It's important to recognize that the government allocated $303.8 billion to the Veterans Administration in 2023, significantly more than the $1.7 billion for immigrant healthcare programs, highlighting that veterans' needs are prioritized. Additionally, many immigrants contribute to our economy by paying taxes, and they often enter the workforce immediately, providing vital support in sectors like healthcare and construction, which ultimately benefits all Americans, including veterans.","It's important to recognize that the government allocated $303.8 billion to the Veterans Administration in 2023, significantly more than the $1.7 billion for immigrant healthcare programs, highlighting that veterans' needs are prioritized. Additionally, many immigrants contribute to our economy by paying taxes, and they often enter the workforce immediately, providing vital support in sectors like healthcare and construction, which ultimately benefits all Americans, including veterans.",NGO + Fact-Checkers,migrants,"[76, 91, 96, 104]",2483.0,FC,https://www.factcheck.org/2019/12/a-misleading-take-on-immigrant-veterans-health-care/,"['https://www.vera.org/news/debunking-the-lies-politicians-say-about-immigrants', 'https://iine.org/2024/04/dispelling-10-common-myths-about-immigrants-and-refugees/', 'https://iine.org/2024/04/dispelling-10-common-myths-about-immigrants-and-refugees/', 'https://www.learningforjustice.org/magazine/spring-2011/ten-myths-about-immigration']","['4', '3', '10', '6']",0.0
2394,"Just heard we're now handing out U.S. citizenship to lottery winner without even checking them. What a shame, we can't just let everyone in!","It's important to understand that the U.S. citizenship process is thorough and includes multiple checks to ensure that those seeking refuge are indeed in need of protection. Many immigrants come to the U.S. not by choice, but to escape dire circumstances, and their contributions to our society, economy, and culture are invaluable.","The U.S. citizenship process is thorough and includes multiple checks to ensure that those seeking refuge are indeed in need of protection. Many immigrants come to the U.S. not by choice, but to escape dire circumstances, and their contributions to our society, economy, and culture are invaluable.",NGO,migrants,"[81, 93, 103, 105]",,NGO,,"['https://www.rescue.org/uk/article/11-myths-and-misconceptions-about-refugees-debunked', 'https://iine.org/2024/04/dispelling-10-common-myths-about-immigrants-and-refugees/', 'https://www.learningforjustice.org/magazine/spring-2011/ten-myths-about-immigration', 'https://www.learningforjustice.org/magazine/spring-2011/ten-myths-about-immigration']","['1', '6', '5', '7']",0.115
2432,"Just heard we're now handing out U.S. citizenship to lottery winner without even checking them. What a shame, we can't just let everyone in!","The claim that U.S. citizenship is automatically granted to lottery winners from the Diversity Immigrant Visa Program is incorrect. In reality, selected applicants must undergo extensive background checks and can only apply for citizenship after holding a green card for at least five years, demonstrating good moral character, and passing tests on English and U.S. history.","The claim that U.S. citizenship is automatically granted to lottery winners from the Diversity Immigrant Visa Program is incorrect. In reality, selected applicants must undergo extensive background checks in order to get the permanent resident status, known as ""Green Card"". Afterwards, they can only apply for citizenship after holding a green card for at least five years, demonstrating good moral character, and passing tests on English and U.S. history.",Fact-Checkers,migrants,,2367.0,FC,https://www.factcheck.org/2018/02/trump-puts-new-twist-visa-misinformation/,,,0.25
2028,"Just heard we're now handing out U.S. citizenship to lottery winner without even checking them. What a shame, we can't just let everyone in!","It's a common misconception that individuals selected in the diversity visa lottery automatically receive U.S. citizenship without scrutiny; in reality, they must first pass an extensive background check and hold a green card for five years before they can apply for citizenship. Additionally, most immigrants come seeking safety and a better life for their families, contributing positively to our communities and economy rather than being a burden.","It's a common misconception that individuals selected in the diversity visa lottery automatically receive U.S. citizenship without scrutiny; in reality, they must first pass an extensive background check and hold a green card for five years before they can apply for citizenship. Additionally, most immigrants come seeking safety and a better life for their families, contributing positively to our communities and economy rather than being a burden.",NGO + Fact-Checkers,migrants,"[81, 93, 103, 105]",2367.0,NGO,https://www.factcheck.org/2018/02/trump-puts-new-twist-visa-misinformation/,"['https://www.rescue.org/uk/article/11-myths-and-misconceptions-about-refugees-debunked', 'https://iine.org/2024/04/dispelling-10-common-myths-about-immigrants-and-refugees/', 'https://www.learningforjustice.org/magazine/spring-2011/ten-myths-about-immigration', 'https://www.learningforjustice.org/magazine/spring-2011/ten-myths-about-immigration']","['1', '6', '5', '7']",0.0
2163,Migrant workers are taking jobs away from British people. We should prioritize UK citizens for employment!,"The claim that migrant workers are taking jobs away from British citizens misrepresents the employment landscape in the UK, where the number of Britons in work is at a record high, with around 32 million employed in the first quarter of this year. Additionally, the unemployment rate has decreased, with around 216,000 fewer people unemployed since before the referendum, indicating that the presence of migrant workers has not negatively impacted job availability for UK citizens.","In reality, the number of Britons in work is at a record high, with around 32 million employed in the first quarter of this year. Not only, but the employment rate was also at its highest—around 76% of UK adults aged 16 to 64 were employed.",Fact-Checkers,migrants,,7846.0,FC,https://fullfact.org/economy/whats-happened-employment-vote-leave-eu/,,,0.68
2575,Migrant workers are taking jobs away from British people. We should prioritize UK citizens for employment!,"It's important to recognize that the employment rate in the UK is currently at its highest level ever, with more Britons in work than ever before, demonstrating that job opportunities are expanding for everyone, including migrants who often fill essential roles rather than compete for the same positions. Furthermore, migrants contribute positively to the economy by starting businesses and paying taxes, helping to bolster the workforce rather than detracting from it, thus supporting the wellbeing of all citizens.","It's important to recognize that the employment rate in the UK is currently at its highest level ever, with more Britons in work than ever before. This demonstrates that job opportunities are expanding for everyone, including migrants. Moreover, migrants contribute positively to the economy by starting businesses and paying taxes, helping to bolster the workforce rather than detracting from it, thus supporting the wellbeing of all citizens.",NGO + Fact-Checkers,migrants,"[39, 51, 52, 113]",7846.0,FC,https://fullfact.org/economy/whats-happened-employment-vote-leave-eu/,"['https://worldrelief.org/blog-immigration-myths/', 'https://edmo.eu/publications/disinformers-use-similar-arguments-and-techniques-to-steer-hate-against-migrants-from-ukraine-or-the-global-south-2/#:~:text=FALSE%20NARRATIVE%20%231%20%E2%80%93%20Migrants%20are,a%20danger%20for%20European%20societies.', 'https://edmo.eu/publications/disinformers-use-similar-arguments-and-techniques-to-steer-hate-against-migrants-from-ukraine-or-the-global-south-2/#:~:text=FALSE%20NARRATIVE%20%231%20%E2%80%93%20Migrants%20are,a%20danger%20for%20European%20societies.', 'https://jrseurope.org/en/news/debunking-5-migration-myths-a-conference-by-alberto-ares/']","['1', '2a', '2b', '4']",0.218
2668,Migrant workers are taking jobs away from British people. We should prioritize UK citizens for employment!,"Migrant workers often fill essential jobs that are vital for our economy, contributing significantly by paying taxes and starting businesses. Instead of viewing them as a threat, we should recognize their role in complementing the workforce and supporting our communities.","Migrant workers often fill essential jobs that are vital for our economy, contributing significantly by paying taxes and starting businesses. Instead of viewing them as a threat, we should recognize their role in complementing the workforce and supporting our communities.",NGO,migrants,"[39, 51, 52, 113]",,NGO,,"['https://worldrelief.org/blog-immigration-myths/', 'https://edmo.eu/publications/disinformers-use-similar-arguments-and-techniques-to-steer-hate-against-migrants-from-ukraine-or-the-global-south-2/#:~:text=FALSE%20NARRATIVE%20%231%20%E2%80%93%20Migrants%20are,a%20danger%20for%20European%20societies.', 'https://edmo.eu/publications/disinformers-use-similar-arguments-and-techniques-to-steer-hate-against-migrants-from-ukraine-or-the-global-south-2/#:~:text=FALSE%20NARRATIVE%20%231%20%E2%80%93%20Migrants%20are,a%20danger%20for%20European%20societies.', 'https://jrseurope.org/en/news/debunking-5-migration-myths-a-conference-by-alberto-ares/']","['1', '2a', '2b', '4']",0.0
2123,"Migrants are all criminals! They're overcrowding our prisons, we need to stop letting them in the UK!","It is inaccurate to claim that all migrants are criminals; in fact, foreign citizens represent only 12% of the prison population in England and Wales, while they make up 9% of the general population. Additionally, the number of foreign prisoners has been decreasing, reflecting a broader trend rather than an increase in criminality among migrants.","It is inaccurate to claim that all migrants are criminals; in fact, foreign citizens represent only 12% of the prison population in England and Wales, while they make up 9% of the general population. Additionally, the number of foreign prisoners has been decreasing, reflecting a broader trend rather than an increase in criminality among migrants.",Fact-Checkers,migrants,,7757.0,FC,https://fullfact.org/immigration/foreigners-prison/,,,0.0
2380,"Migrants are all criminals! They're overcrowding our prisons, we need to stop letting them in the UK!","It is important to recognize that refugees and migrants are often unfairly labeled as criminals, when in fact evidence shows they are less likely to commit crimes than native-born citizens. By fostering understanding and compassion towards migrants, we can create a safer and more inclusive society for everyone.","Refugees and migrants are often unfairly labelled as criminals, when in fact, evidence shows they are less likely to commit crimes than native-born citizens. By fostering understanding and compassion towards migrants, we can create a safer and more inclusive society for everyone.",NGO,migrants,"[40, 50]",,NGO,,"['https://worldrelief.org/blog-immigration-myths/', 'https://edmo.eu/publications/disinformers-use-similar-arguments-and-techniques-to-steer-hate-against-migrants-from-ukraine-or-the-global-south-2/#:~:text=FALSE%20NARRATIVE%20%231%20%E2%80%93%20Migrants%20are,a%20danger%20for%20European%20societies.']","['2', '1']",0.188
2412,"Migrants are all criminals! They're overcrowding our prisons, we need to stop letting them in the UK!","It's a misconception that all migrants are criminals; in fact, statistics show that foreign nationals make up only 12% of the prison population in England and Wales, which is a smaller proportion than the general population they represent. Moreover, research indicates that refugees and immigrants are less likely to commit crimes than native-born individuals, and areas with higher immigrant populations often experience lower crime rates, challenging the harmful stereotype that migrants are inherently dangerous.","It's a misconception that all migrants are criminals; in fact, statistics show that foreign nationals make up only 12% of the prison population in England and Wales, which is a smaller proportion than the general population they represent. Moreover, research indicates that refugees and immigrants are less likely to commit crimes than native-born individuals, and areas with higher immigrant populations often experience lower crime rates, challenging the harmful stereotype that migrants are inherently dangerous.",NGO + Fact-Checkers,migrants,"[40, 50]",7757.0,NGO,https://fullfact.org/immigration/foreigners-prison/,"['https://worldrelief.org/blog-immigration-myths/', 'https://edmo.eu/publications/disinformers-use-similar-arguments-and-techniques-to-steer-hate-against-migrants-from-ukraine-or-the-global-south-2/#:~:text=FALSE%20NARRATIVE%20%231%20%E2%80%93%20Migrants%20are,a%20danger%20for%20European%20societies.']","['2', '1']",0.0
2414,Migrants are invading our country. We need to build that wall to keep them out of the US!,"The idea that migrants are invading our country is not supported by the facts, as the current number of apprehensions at the border remains historically low, and most foreign-born individuals in the U.S. are lawfully present. Rather than being a threat, migrants are often fleeing persecution or seeking better opportunities, and evidence shows that they tend to contribute positively to our communities and economy, with lower crime rates compared to native-born citizens.","The idea that migrants are invading our country is not supported by the facts, as the current number of apprehensions at the border remains historically low, and most foreign-born individuals in the U.S. are lawfully present. Rather than being a threat, migrants are often fleeing persecution or seeking better opportunities, and evidence shows that they tend to contribute positively to our communities and economy, with lower crime rates compared to native-born citizens.",NGO + Fact-Checkers,migrants,"[51, 93, 100, 103, 105, 106]",2431.0,NGO,https://www.factcheck.org/2019/01/factchecking-trumps-immigration-address/,"['https://edmo.eu/publications/disinformers-use-similar-arguments-and-techniques-to-steer-hate-against-migrants-from-ukraine-or-the-global-south-2/#:~:text=FALSE%20NARRATIVE%20%231%20%E2%80%93%20Migrants%20are,a%20danger%20for%20European%20societies.', 'https://iine.org/2024/04/dispelling-10-common-myths-about-immigrants-and-refugees/', 'https://www.learningforjustice.org/magazine/spring-2011/ten-myths-about-immigration', 'https://www.learningforjustice.org/magazine/spring-2011/ten-myths-about-immigration', 'https://www.learningforjustice.org/magazine/spring-2011/ten-myths-about-immigration', 'https://www.learningforjustice.org/magazine/spring-2011/ten-myths-about-immigration']","['2a', '6', '1', '5', '7', '8']",0.0
2382,Migrants are invading our country. We need to build that wall to keep them out of the US!,"It’s important to recognize that migrants are seeking safety and better opportunities for their families, not invading our country. In reality, immigrants contribute positively to our economy and communities, and the majority follow legal processes to enter the United States, helping to dispel the harmful myths that suggest otherwise.","Many migrants are seeking safety and better opportunities for their families, not invading our country. In reality, immigrants contribute positively to our economy and communities, and the majority follow legal processes to enter the United States, helping to dispel the harmful myths that suggest otherwise.",NGO,migrants,"[51, 93, 100, 103, 105, 106]",,NGO,,"['https://edmo.eu/publications/disinformers-use-similar-arguments-and-techniques-to-steer-hate-against-migrants-from-ukraine-or-the-global-south-2/#:~:text=FALSE%20NARRATIVE%20%231%20%E2%80%93%20Migrants%20are,a%20danger%20for%20European%20societies.', 'https://iine.org/2024/04/dispelling-10-common-myths-about-immigrants-and-refugees/', 'https://www.learningforjustice.org/magazine/spring-2011/ten-myths-about-immigration', 'https://www.learningforjustice.org/magazine/spring-2011/ten-myths-about-immigration', 'https://www.learningforjustice.org/magazine/spring-2011/ten-myths-about-immigration', 'https://www.learningforjustice.org/magazine/spring-2011/ten-myths-about-immigration']","['2a', '6', '1', '5', '7', '8']",0.102
2133,Migrants are invading our country. We need to build that wall to keep them out of the US!,"The portrayal of migrants as an ""invasion"" is misleading; the average number of apprehensions at the Southwest border is less than 2,000 per day, which is historically low compared to previous years. Additionally, a wall would not effectively stop the majority of illegal drug trafficking, as most drugs are smuggled through legal ports of entry rather than being brought across the border illegally.","The portrayal of migrants as an ""invasion"" is misleading; the average number of apprehensions at the Southwest border is less than 2,000 per day, which is historically low compared to previous years. Additionally, a wall would not effectively stop the majority of illegal drug trafficking, as most drugs are smuggled through legal ports of entry rather than being brought across the border illegally.",Fact-Checkers,migrants,,2431.0,FC,https://www.factcheck.org/2019/01/factchecking-trumps-immigration-address/,,,0.0
2393,Migrants are just coming here to collect welfare. Finally the RAISE Act will stop them!,"Migrants play a crucial role in our economy by contributing an estimated $31 billion in federal, state, and local taxes each year, even though many do not receive benefits in return. It's important to recognize that they often enter the workforce immediately upon arrival and significantly bolster our economy by filling essential roles and generating new business opportunities.","Migrants play a crucial role in our economy by contributing an estimated $31 billion in federal, state, and local taxes each year, even though many do not receive benefits in return. It's important to recognize that they often enter the workforce immediately upon arrival and significantly bolster our economy by filling essential roles and generating new business opportunities.",NGO,migrants,"[48, 51, 76, 91, 104]",,NGO,,"['https://www.infomigrants.net/en/post/53960/fact-or-fiction--investigating-claims-about-migration-in-2023', 'https://edmo.eu/publications/disinformers-use-similar-arguments-and-techniques-to-steer-hate-against-migrants-from-ukraine-or-the-global-south-2/#:~:text=FALSE%20NARRATIVE%20%231%20%E2%80%93%20Migrants%20are,a%20danger%20for%20European%20societies.', 'https://www.vera.org/news/debunking-the-lies-politicians-say-about-immigrants', 'https://iine.org/2024/04/dispelling-10-common-myths-about-immigrants-and-refugees/', 'https://www.learningforjustice.org/magazine/spring-2011/ten-myths-about-immigration']","['5', '2a', '4', '3', '6']",0.0
2135,Migrants are just coming here to collect welfare. Finally the RAISE Act will stop them!,"It's a misconception that migrants come solely to collect welfare; in fact, most new immigrants are barred from accessing federal public assistance programs for the first five years. Furthermore, while the RAISE Act proposes changes to welfare eligibility, it only affects a minority of legal immigrants, particularly those entering through a skills-based system, while exemptions for children and pregnant women remain intact.","It's a misconception that migrants come solely to collect welfare; in fact, most new immigrants are barred from accessing federal public assistance programs for the first five years. Furthermore, while the RAISE Act proposes changes to welfare eligibility, it only affects a minority of legal immigrants, particularly those entering through a skills-based system, while exemptions for children and pregnant women remain intact.",Fact-Checkers,migrants,,2342.0,FC,https://www.factcheck.org/2017/08/trump-overstates-impact-immigration-bill/,,,0.0
1939,Migrants are just coming here to collect welfare. Finally the RAISE Act will stop them!,"It's important to recognize that many migrants are eager to contribute to their new communities and economies, often entering the workforce immediately and paying taxes that far exceed any public assistance they might receive. Contrary to the notion that they solely rely on welfare, migrants actually strengthen our labor market and are vital to sectors such as healthcare and technology, while the support they receive is minimal and temporary, designed to help them get back on their feet.","It's important to recognize that many migrants are eager to contribute to their new communities and economies, often entering the workforce immediately and paying taxes that far exceed any public assistance they might receive. Contrary to the notion that they solely rely on welfare, migrants actually strengthen our labor market and are vital to sectors such as healthcare and technology, while the support they receive is minimal and temporary, designed to help them get back on their feet.",NGO + Fact-Checkers,migrants,"[48, 51, 76, 91, 104]",2342.0,NGO,https://www.factcheck.org/2017/08/trump-overstates-impact-immigration-bill/,"['https://www.infomigrants.net/en/post/53960/fact-or-fiction--investigating-claims-about-migration-in-2023', 'https://edmo.eu/publications/disinformers-use-similar-arguments-and-techniques-to-steer-hate-against-migrants-from-ukraine-or-the-global-south-2/#:~:text=FALSE%20NARRATIVE%20%231%20%E2%80%93%20Migrants%20are,a%20danger%20for%20European%20societies.', 'https://www.vera.org/news/debunking-the-lies-politicians-say-about-immigrants', 'https://iine.org/2024/04/dispelling-10-common-myths-about-immigrants-and-refugees/', 'https://www.learningforjustice.org/magazine/spring-2011/ten-myths-about-immigration']","['5', '2a', '4', '3', '6']",0.0
1966,Migrants are just taking over the UK! I totally support those farmers using their tractors to block them: our people have every right in trying to stop them. They should be kept out!,"It’s essential to recognize that the vast majority of migrants are not overwhelming our communities; in fact, they make up only a small percentage of the population and are often fleeing dire circumstances in search of safety and a better life. Rather than viewing them as a threat, we can choose to approach this situation with compassion and understanding, acknowledging their humanity and the positive contributions they can bring to our society.","It’s important to recognize that most migrants do not overwhelm our communities. In fact, they make up only a small percentage of the population and often flee dire circumstances in search of safety and a better life. Instead of viewing them as a threat, we should approach this situation with compassion and understanding. We should acknowledge their humanity and recognize the positive contributions they can make to our society.",NGO,migrants,"[44, 46, 82, 83]",,NGO,,"['https://www.infomigrants.net/en/post/53960/fact-or-fiction--investigating-claims-about-migration-in-2023', 'https://www.infomigrants.net/en/post/53960/fact-or-fiction--investigating-claims-about-migration-in-2023', 'https://www.rescue.org/uk/article/11-myths-and-misconceptions-about-refugees-debunked', 'https://www.rescue.org/uk/article/11-myths-and-misconceptions-about-refugees-debunked']","['1', '3', '2', '3']",0.306
2570,Migrants are just taking over the UK! I totally support those farmers using their tractors to block them: our people have every right in trying to stop them. They should be kept out!,"It's important to recognize that the narrative of migrants ""taking over"" is misleading, as most people who migrate do so legally and many remain close to their home countries; in fact, only about 3 to 3.5% of non-EU migrants to the EU are considered illegal. Additionally, referring to migrants as an ""invasion"" dehumanizes individuals who are fleeing dire circumstances, while the reality is that asylum seekers in the UK account for just 7% of immigration, making these","It's important to recognize that the narrative of migrants ""taking over"" is misleading, as most people who migrate do so legally and many remain close to their home countries; in fact, only about 3 to 3.5% of non-EU migrants to the EU are considered illegal. Additionally, referring to migrants as an ""invasion"" dehumanizes individuals who are fleeing dire circumstances, while the reality is that asylum seekers in the UK account for just 7% of immigration.",NGO + Fact-Checkers,migrants,"[44, 46, 82, 83]",77.0,FC,https://www.aap.com.au/factcheck/french-farmer-protest-mistaken-for-uk-anti-immigrant-demonstration/,"['https://www.infomigrants.net/en/post/53960/fact-or-fiction--investigating-claims-about-migration-in-2023', 'https://www.infomigrants.net/en/post/53960/fact-or-fiction--investigating-claims-about-migration-in-2023', 'https://www.rescue.org/uk/article/11-myths-and-misconceptions-about-refugees-debunked', 'https://www.rescue.org/uk/article/11-myths-and-misconceptions-about-refugees-debunked']","['1', '3', '2', '3']",0.039
2419,Migrants are just taking over the UK! I totally support those farmers using their tractors to block them: our people have every right in trying to stop them. They should be kept out!,"The claim that farmers are blocking migrant boats in the UK is based on misinformation; the photo circulating on social media actually depicts a farmer protest against regulations in Le Touquet, France, which is unrelated to migration. It is crucial to verify the context of such images to avoid perpetuating false narratives that contribute to division and misunderstanding.","The claim that farmers are blocking migrant boats in the UK is based on misinformation. The photo presented on social media actually depicts a farmer protest against new regulations , which is unrelated to migration. It is crucial to verify the context of such images to avoid perpetuating false narratives that contribute to division and misunderstanding.",Fact-Checkers,migrants,,77.0,FC,https://www.aap.com.au/factcheck/french-farmer-protest-mistaken-for-uk-anti-immigrant-demonstration/,,,0.138
2511,Migrants from the EU come to the UK just to create chaos. They are all criminals overcrowding our prisons!,"Migrants contribute positively to society and are statistically less likely to commit crimes compared to native-born citizens, challenging the notion that they create chaos. It's important to recognize the valuable roles they play in our communities and economies, fostering growth and innovation rather than contributing to criminality.","Migrants are statistically less likely to commit crimes compared to native-born citizens, according to a study made in Texas. Moreover, it is regularly claimed that immigration must be restricted because countries cannot afford to carry the financial burden. However, according to an analysis by several UN agencies, including IOM and UNHCR, ""the proven reality is that migration brings benefits, fuelling growth, innovation and entrepreneurship."".",NGO,migrants,"[40, 48, 50, 51]",,NGO,,"['https://worldrelief.org/blog-immigration-myths/', 'https://www.infomigrants.net/en/post/53960/fact-or-fiction--investigating-claims-about-migration-in-2023', 'https://edmo.eu/publications/disinformers-use-similar-arguments-and-techniques-to-steer-hate-against-migrants-from-ukraine-or-the-global-south-2/#:~:text=FALSE%20NARRATIVE%20%231%20%E2%80%93%20Migrants%20are,a%20danger%20for%20European%20societies.', 'https://edmo.eu/publications/disinformers-use-similar-arguments-and-techniques-to-steer-hate-against-migrants-from-ukraine-or-the-global-south-2/#:~:text=FALSE%20NARRATIVE%20%231%20%E2%80%93%20Migrants%20are,a%20danger%20for%20European%20societies.']","['2', '5', '1', '2a']",1.043
2524,Migrants from the EU come to the UK just to create chaos. They are all criminals overcrowding our prisons!,"It's important to recognize that the assumption that EU migrants are solely responsible for crime is misleading; statistics show that EU nationals make up only about 5% of the overall prison population in England and Wales, with their numbers actually decreasing over time. Additionally, migrants contribute positively to society by fueling economic growth and entrepreneurship, proving that they can enrich communities rather than detract from them.","At the end of 2017, there were just over 4,000 EU nationals in prisons in England and Wales: that’s around 5% of the overall prison population—the same proportion as for the last five years. We should be careful when reading stories portraying migrants as criminals. In fact, this is a common disinformation narrative, widespread also in the EU, and exploited by accounts that promote extremist messages.",NGO + Fact-Checkers,migrants,"[40, 48, 50, 51]",7738.0,NGO,https://fullfact.org/crime/eu-prisoners/,"['https://worldrelief.org/blog-immigration-myths/', 'https://www.infomigrants.net/en/post/53960/fact-or-fiction--investigating-claims-about-migration-in-2023', 'https://edmo.eu/publications/disinformers-use-similar-arguments-and-techniques-to-steer-hate-against-migrants-from-ukraine-or-the-global-south-2/#:~:text=FALSE%20NARRATIVE%20%231%20%E2%80%93%20Migrants%20are,a%20danger%20for%20European%20societies.', 'https://edmo.eu/publications/disinformers-use-similar-arguments-and-techniques-to-steer-hate-against-migrants-from-ukraine-or-the-global-south-2/#:~:text=FALSE%20NARRATIVE%20%231%20%E2%80%93%20Migrants%20are,a%20danger%20for%20European%20societies.']","['2', '5', '1', '2a']",0.909
2423,Migrants from the EU come to the UK just to create chaos. They are all criminals overcrowding our prisons!,"The claim that migrants from the EU are primarily responsible for chaos and overcrowding in prisons is misleading; as of the end of 2017, EU nationals accounted for just over 4,000 individuals in prisons in England and Wales, representing around 5% of the overall prison population. Furthermore, the total number of EU prisoners decreased by about 100 from the previous year, indicating a stable and not increasing presence among the incarcerated population.","The claim that migrants from the EU are primarily responsible for chaos and overcrowding in prisons is misleading; as of the end of 2017, EU nationals accounted for just over 4,000 individuals in prisons in England and Wales, representing around 5% of the overall prison population. Furthermore, the total number of EU prisoners decreased by about 100 from the previous year, indicating a stable and not increasing presence among the incarcerated population.",Fact-Checkers,migrants,,7738.0,FC,https://fullfact.org/crime/eu-prisoners/,,,0.0
2395,"Misogyny is just a term invented by feminists to control how we talk about women. Wolf whistling isn't a crime, it's just a compliment!","Misogyny is a serious issue that affects countless women, often manifesting in subtle ways like microaggressions, which can have a lasting impact in workplaces and daily interactions. Wolf whistling, often seen as a compliment, can actually be a form of objectification that diminishes women's experiences and reinforces harmful stereotypes, making many feel uncomfortable or unsafe.","Misogyny is a serious issue that affects countless women, often manifesting in subtle ways like microaggressions, which can have a lasting impact in workplaces and daily interactions. Wolf whistling, often seen as a compliment, can actually be a form of objectification that diminishes women's experiences and reinforces harmful stereotypes, making many feel uncomfortable or unsafe.",NGO,women,"[152, 159, 160, 161]",,NGO,,"['http://weforum.org/stories/2023/11/women-workplace-myths-debunked-2023/', 'https://www.enar-eu.org/wp-content/uploads/debunkingmyths_lr_final.pdf', 'https://www.enar-eu.org/wp-content/uploads/debunkingmyths_lr_final.pdf', 'https://www.enar-eu.org/wp-content/uploads/debunkingmyths_lr_final.pdf']","['3', '3', '4', '5']",0.0
2031,"Misogyny is just a term invented by feminists to control how we talk about women. Wolf whistling isn't a crime, it's just a compliment!","Misogyny is not merely a construct of feminists; it represents a genuine prejudice that affects many women in their daily lives, contributing to a hostile environment that can have profound impacts on their mental well-being. While some may view wolf whistling as a compliment, it's essential to recognize that such actions often perpetuate microaggressions that can make women feel unsafe and devalued, highlighting the need for societal change rather than dismissing the legitimate concerns surrounding misogyny.","Misogyny is not merely a construct of feminists; it represents a genuine prejudice that affects many women in their daily lives, contributing to a hostile environment that can have profound impacts on their mental well-being. While some may view wolf whistling as a compliment, it's essential to recognize that such actions often perpetuate microaggressions that can make women feel unsafe and devalued, highlighting the need for societal change rather than dismissing the legitimate concerns surrounding misogyny.",NGO + Fact-Checkers,women,"[152, 159, 160, 161]",8015.0,NGO,https://fullfact.org/law/wolf-whistling-about-become-illegal/,"['http://weforum.org/stories/2023/11/women-workplace-myths-debunked-2023/', 'https://www.enar-eu.org/wp-content/uploads/debunkingmyths_lr_final.pdf', 'https://www.enar-eu.org/wp-content/uploads/debunkingmyths_lr_final.pdf', 'https://www.enar-eu.org/wp-content/uploads/debunkingmyths_lr_final.pdf']","['3', '3', '4', '5']",0.0
2433,"Misogyny is just a term invented by feminists to control how we talk about women. Wolf whistling isn't a crime, it's just a compliment!","Misogyny is a recognized form of hatred or prejudice against women and is being considered as a category for hate crimes to ensure harsher sentences for crimes motivated by such prejudice. While wolf whistling may not be illegal, it can be recorded as a hate incident, reflecting societal concerns about how women are treated and the motivations behind certain behaviors.","Misogyny is a recognized form of hatred or prejudice against women and is being considered as a category for hate crimes to ensure harsher sentences for crimes motivated by such prejudice. While wolf whistling may not be illegal, and yet won't be, it can be recorded as a hate incident, reflecting societal concerns about how women are treated and the motivations behind certain behaviors.",Fact-Checkers,women,,8015.0,FC,https://fullfact.org/law/wolf-whistling-about-become-illegal/,,,0.067
1948,Muslim women shouldn't be allowed to wear veils in UK courts. It goes against our legal system: they disguise the truth!,"Muslim women, like all individuals, have the right to express their identity and beliefs, including their choice to wear veils or headscarves. Such choices should be respected as a reflection of personal autonomy and faith, rather than viewed as a disguise that undermines the legal system.","Muslim women, like all individuals, have the right to express their identity and beliefs, including their choice to wear veils or headscarves. Such choices should be respected as a reflections of personal autonomy and faith, rather than viewed as a disguises that undermines the legal system.",NGO,muslims,"[4, 6, 7, 11, 31]",,NGO,,"['https://www.adl.org/sites/default/files/myths-and-facts-about-muslim-people-and-islam.pdf', 'https://www.learningforjustice.org/sites/default/files/general/tt_debunking_misconceptions_0.pdf', 'https://www.learningforjustice.org/sites/default/files/general/tt_debunking_misconceptions_0.pdf', 'https://www.enar-eu.org/wp-content/uploads/debunkingmyths_lr_final.pdf', 'https://communitiesinc.org.uk/islam-mythbuster/']","['4', '2', '3', '3', '4']",0.043
2217,Muslim women shouldn't be allowed to wear veils in UK courts. It goes against our legal system: they disguise the truth!,"The claim that Muslim women should not wear veils in court because it disguises the truth overlooks the legal principles that protect individual rights, including freedom of religion and expression, which are safeguarded by both Common Law and the European Convention on Human Rights. Judges are tasked with balancing these rights with the need for a fair trial, often allowing for compromises like providing screens during testimony, ensuring respect for cultural practices while maintaining judicial integrity.","The claim that Muslim women should not wear veils in court because it disguises the truth overlooks the legal principles that protect individual rights, including freedom of religion and expression, which are safeguarded by both Common Law and the European Convention on Human Rights. Judges are tasked with balancing these rights with the need for a fair trial, often allowing for compromises like providing screens during testimony, ensuring respect for cultural practices while maintaining judicial integrity.",Fact-Checkers,muslims,,7871.0,FC,https://fullfact.org/law/lord-neuberger-unveiled/,,,0.0
2447,Muslim women shouldn't be allowed to wear veils in UK courts. It goes against our legal system: they disguise the truth!,"The idea that Muslim women should be barred from wearing veils in court is based on a misunderstanding of both their rights and the legal framework that ensures fairness. The courts recognize the importance of respecting cultural and religious identities while balancing the need for a fair trial, suggesting that women should have the freedom to choose their attire, including face coverings, as long as it does not interfere with the proceedings.","The idea that Muslim women should be barred from wearing veils in court is based on a misunderstanding of both their rights and the legal framework that ensures fairness. The courts recognize the importance of respecting cultural and religious identities while balancing the need for a fair trial, suggesting that women should have the freedom to choose their attire, including face coverings, as long as it does not interfere with the proceedings.",NGO + Fact-Checkers,muslims,"[4, 6, 7, 11, 31]",7871.0,FC,https://fullfact.org/law/lord-neuberger-unveiled/,"['https://www.adl.org/sites/default/files/myths-and-facts-about-muslim-people-and-islam.pdf', 'https://www.learningforjustice.org/sites/default/files/general/tt_debunking_misconceptions_0.pdf', 'https://www.learningforjustice.org/sites/default/files/general/tt_debunking_misconceptions_0.pdf', 'https://www.enar-eu.org/wp-content/uploads/debunkingmyths_lr_final.pdf', 'https://communitiesinc.org.uk/islam-mythbuster/']","['4', '2', '3', '3', '4']",0.0
2012,Muslims are taking over! Did you see that video of the Lord Mayor of Liverpool reciting Shahadah? That's absurd.,"The claim that Muslims are taking over is rooted in misinformation; the video in question does not feature the Lord Mayor of Liverpool but a different individual entirely, highlighting how easily false narratives can spread. Furthermore, the vast majority of Muslims are peaceful individuals who actively condemn extremism and violence, emphasizing that radical interpretations of Islam do not represent their beliefs or values, much like extremists in any ideology do not represent the whole.","The claim that Muslims are taking over is based on misinformation. The video in question features a different individual entirely, not the Lord Mayor of Liverpool, highlighting how easily false narratives can spread. Furthermore, the vast majority of Muslims are peaceful individuals who actively condemn extremism and violence, emphasizing that radical interpretations of Islam do not represent their beliefs or values. Similarly, extremists in any ideology do not represent the whole.",NGO + Fact-Checkers,muslims,"[2, 3, 5, 27, 29, 32, 33]",1505.0,NGO,https://checkyourfact.com/2024/04/26/fact-check-no-this-video-does-not-show-lord-mayor-of-liverpool-reciting-muslim-profession-of-faith/,"['https://www.adl.org/sites/default/files/myths-and-facts-about-muslim-people-and-islam.pdf', 'https://www.adl.org/sites/default/files/myths-and-facts-about-muslim-people-and-islam.pdf', 'https://www.learningforjustice.org/sites/default/files/general/tt_debunking_misconceptions_0.pdf', 'https://www.learningforjustice.org/magazine/spring-2017/busting-common-myths-about-islam', 'https://communitiesinc.org.uk/islam-mythbuster/', 'https://communitiesinc.org.uk/islam-mythbuster/', 'https://communitiesinc.org.uk/islam-mythbuster/']","['2', '3', '1', '3', '2', '5', '6']",0.203
1940,Muslims are taking over! Did you see that video of the Lord Mayor of Liverpool reciting Shahadah? That's absurd.,"The recitation of the Shahadah by the Lord Mayor of Liverpool symbolizes the diversity and acceptance within our communities, rather than any form of takeover. It's essential to recognize that the vast majority of Muslims are peaceful individuals who reject extremism and contribute positively to society, as they seek to share their beliefs and values in a spirit of mutual respect.","The recitation of the Shahadah by the Lord Mayor of Liverpool symbolizes the diversity and acceptance within our communities, rather than any form of takeover. It's essential to recognize that the vast majority of Muslims are peaceful individuals who reject extremism. They contribute positively to society and seek to share their beliefs and values in a spirit of mutual respect.",NGO,muslims,"[2, 3, 5, 27, 29, 32, 33]",,NGO,,"['https://www.adl.org/sites/default/files/myths-and-facts-about-muslim-people-and-islam.pdf', 'https://www.adl.org/sites/default/files/myths-and-facts-about-muslim-people-and-islam.pdf', 'https://www.learningforjustice.org/sites/default/files/general/tt_debunking_misconceptions_0.pdf', 'https://www.learningforjustice.org/magazine/spring-2017/busting-common-myths-about-islam', 'https://communitiesinc.org.uk/islam-mythbuster/', 'https://communitiesinc.org.uk/islam-mythbuster/', 'https://communitiesinc.org.uk/islam-mythbuster/']","['2', '3', '1', '3', '2', '5', '6']",0.082
1829,Muslims are taking over! Did you see that video of the Lord Mayor of Liverpool reciting Shahadah? That's total absurd.,"The claim that the Lord Mayor of Liverpool recited the Shahadah is false; the video has been miscaptioned and does not feature Mary Rasmussen, the current Mayor, who is a woman with blonde hair. Misinformation about Islam and its followers can perpetuate harmful stereotypes, highlighting the need for accurate representation and understanding.","The claim that the Lord Mayor of Liverpool recited the Shahadah is false. This video has been miscaptioned and does not feature Mary Rasmussen-the current Mayor, who is a woman with blonde hair. Misinformation about Islam and its followers can perpetuate harmful stereotypes, highlighting the need for accurate representation and understanding.",Fact-Checkers,muslims,,1505.0,FC,https://checkyourfact.com/2024/04/26/fact-check-no-this-video-does-not-show-lord-mayor-of-liverpool-reciting-muslim-profession-of-faith/,,,0.077
2521,"Muslims follow a book that promotes killing, it's all written on paper! A politician in the French Parliament read it's violent words in a video. ","It's crucial to recognize that the video being referenced is not from the French Parliament and is instead a speech by a Belgian politician expressing his personal and extremist views, which do not reflect the beliefs of the vast majority of Muslims. In reality, Islam forbids the unjust killing of innocents and is a religion that is widely practiced by millions who promote peace, with numerous Muslim leaders regularly condemning acts of violence that misinterpret their faith.","The video being referenced is not from the French Parliament: it is instead a speech by a right-wing Belgian politician expressing his personal and extremist views. Anti-Muslim groups frequently cherry-pick passages from the Quran to cite as evidence that Islam promotes violence. Anyone who is looking can find similar passages in the Bible. Yet both books also include many passages about tolerance, peace and love.",NGO + Fact-Checkers,muslims,"[2, 5, 25, 33]",1076.0,NGO,https://www.boomlive.in/fake-news/no-this-video-does-not-show-a-discussion-on-quran-in-frances-parliament-10494,"['https://www.adl.org/sites/default/files/myths-and-facts-about-muslim-people-and-islam.pdf', 'https://www.learningforjustice.org/sites/default/files/general/tt_debunking_misconceptions_0.pdf', 'https://www.learningforjustice.org/magazine/spring-2017/busting-common-myths-about-islam', 'https://communitiesinc.org.uk/islam-mythbuster/']","['2', '1', '1', '6']",0.701
2421,"Muslims follow a book that promotes killing, it's all written on paper! A politician in the French Parliament read it's violent words in a video. ","The claim that Muslims follow a book promoting violence is based on a misrepresentation of a video featuring Belgian politician Filip Dewinter, who made critical remarks about the Quran in 2015, not in the French Parliament as suggested. It's important to recognize that such interpretations of religious texts can often be taken out of context, and the vast majority of Muslims promote peace and coexistence, emphasizing the non-violent teachings of their faith.","The claim that Muslims follow a book promoting violence is based on a misrepresentation of a video featuring Belgian politician Filip Dewinter, who made critical remarks about the Quran in 2015, not in the French Parliament as suggested. It's important to recognize that such interpretations of religious texts can often be taken out of context, and the vast majority of Muslims promote peace and coexistence, emphasizing the non-violent teachings of their faith.",Fact-Checkers,muslims,,1076.0,FC,https://www.boomlive.in/fake-news/no-this-video-does-not-show-a-discussion-on-quran-in-frances-parliament-10494,,,0.0
2498,"Muslims follow a book that promotes killing, it's all written on paper! A politician in the French Parliament read its violent words in a video. ","It is crucial to recognize that the vast majority of Muslims reject violence and view extremist interpretations as a distortion of their faith, with many actively condemning acts of terrorism. Just as believers of other religions denounce the misuse of their sacred texts for violent purposes, Muslims around the world are equally committed to promoting peace and tolerance.","While I haven't seen the video you mention, anti-Muslim groups and people frequently cherry-pick passages from the Quran to cite as evidence that Islam promotes violence. Anyone who is looking can find similar passages in the Bible—particularly in the Old Testament—including justifications for intolerance, violence, genocide and slavery. Yet both books also include many passages about tolerance, peace and love.",NGO,muslims,"[2, 5, 25, 33]",,NGO,,"['https://www.adl.org/sites/default/files/myths-and-facts-about-muslim-people-and-islam.pdf', 'https://www.learningforjustice.org/sites/default/files/general/tt_debunking_misconceptions_0.pdf', 'https://www.learningforjustice.org/magazine/spring-2017/busting-common-myths-about-islam', 'https://communitiesinc.org.uk/islam-mythbuster/']","['2', '1', '1', '6']",0.966
2670,Muslims shouldn't be allowed in this country at all! Trump was right about that total shutdown.,"Muslim Americans have shown their loyalty and dedication to this country, with a majority expressing optimism about their future in the U.S. and a strong commitment to American customs, highlighting that people of all faiths can contribute positively to our society. Embracing diversity enriches our communities, and it's essential to recognize that Muslims share many core values with their fellow Americans, such as justice, equality, and kindness.","Muslim Americans have shown their loyalty and dedication to this country, with a majority expressing optimism about their future in the U.S. and a strong commitment to American customs, highlighting that people of all faiths can contribute positively to our society. Embracing diversity enriches our communities, and it's essential to recognize that Muslims share many core values with their fellow Americans, such as justice, equality, and kindness.",NGO,muslims,"[3, 27, 29]",,NGO,,"['https://www.adl.org/sites/default/files/myths-and-facts-about-muslim-people-and-islam.pdf', 'https://www.learningforjustice.org/magazine/spring-2017/busting-common-myths-about-islam', 'https://communitiesinc.org.uk/islam-mythbuster/']","['3', '3', '2']",0.0
2165,Muslims shouldn't be allowed in this country at all! Trump was right about that total shutdown.,"The claim that Muslims should be completely banned from the country is inaccurate, as the executive actions taken by the Trump administration targeted specific nations, rather than all Muslims. In fact, the Pew Research Center estimated that only about 12 percent of Muslims worldwide would be affected by the restrictions, which were focused on select countries based on security concerns.","The executive actions taken by the Trump administration targeted specific nations, but not all Muslims. In fact, in Jan 2017 the Pew Research Center estimated that only about 12 percent of Muslims worldwide would be affected by these restrictions.",Fact-Checkers,muslims,,2384.0,FC,https://www.factcheck.org/2018/06/trumps-travel-ban-doesnt-affect-all-muslims/,,,0.517
2398,Muslims shouldn't be allowed in this country at all! Trump was right about that total shutdown.,"It's important to recognize that the claim targeting Muslims is not only misleading but also fails to acknowledge the contributions of Muslim Americans to our society. Many Muslims in the United States identify strongly with their country and seek to adopt American customs, demonstrating that Islam and patriotism can coexist peacefully, as seen by the presence of Muslim representatives in Congress and thousands serving in the military.","This claim targeting Muslims is not only misleading but also fails to acknowledge the contributions of Muslim Americans to our society. Many Muslims in the United States identify strongly with their country and seek to adopt American customs, demonstrating that Islam and patriotism can coexist peacefully, as seen by the presence of Muslim representatives in Congress and thousands serving in the military.",NGO + Fact-Checkers,muslims,"[3, 27, 29]",2384.0,NGO,https://www.factcheck.org/2018/06/trumps-travel-ban-doesnt-affect-all-muslims/,"['https://www.adl.org/sites/default/files/myths-and-facts-about-muslim-people-and-islam.pdf', 'https://www.learningforjustice.org/magazine/spring-2017/busting-common-myths-about-islam', 'https://communitiesinc.org.uk/islam-mythbuster/']","['3', '3', '2']",0.09
2577,People can't even make a joke about Jews anymore without getting called antisemites! That's what happened to Jeremy Corby.,"It's important to recognize that not all jokes about Jews are harmless, as many perpetuate harmful stereotypes and can contribute to a culture of antisemitism, which is unfortunately on the rise across Europe. Misunderstandings about criticism of Israel can further fuel negative sentiments, but legitimate discourse should not mask the real impact that anti-Jewish sentiments have on communities today.","It's important to recognize that not all jokes about Jewish people are harmless, as many perpetuate harmful stereotypes and can contribute to a culture of antisemitism, which is unfortunately on the rise across Europe. Moreover, Jeremy Corby, the leader of the U.K. Labour Party, did not make a joke about Jewish people which later sparked an anti-semitism row: the story is fake and was originally published as satire.",NGO + Fact-Checkers,jews,"[118, 121]",3847.0,FC,https://leadstories.com/hoax-alert/2018/03/fake-news-corbyn-in-new-anti-semitism-row-after-asking-man-at-bus-stop-what-times-the-bus-jew.html,"['https://www.enar-eu.org/wp-content/uploads/debunkingmyths_lr.pdf', 'https://www.enar-eu.org/wp-content/uploads/debunkingmyths_lr.pdf']","['4', '7']",0.576
2364,People can't even make a joke about Jews anymore without getting called antisemites! That's what happened to Jeremy Corby.,"It's important to recognize that humor can sometimes perpetuate harmful stereotypes, and what might seem like a light-hearted joke can contribute to a culture of discrimination. Criticism of individuals or events should be approached with sensitivity, especially considering the ongoing rise of antisemitism in Europe, which is a serious issue affecting the safety and well-being of countless communities.","Humor can sometimes perpetuate harmful stereotypes, and what might seem like a light-hearted joke can contribute to a culture of discrimination. Criticism of individuals or events should be approached with sensitivity, especially considering the ongoing rise of antisemitism in Europe, which is a serious issue affecting the safety and well-being of countless communities.",NGO,jews,"[118, 121]",,NGO,,"['https://www.enar-eu.org/wp-content/uploads/debunkingmyths_lr.pdf', 'https://www.enar-eu.org/wp-content/uploads/debunkingmyths_lr.pdf']","['4', '7']",0.103
2231,People can't even make a joke about Jews anymore without getting called antisemites! That's what happened to Jeremy Corby.,"The claim that Jeremy Corbyn made a derogatory remark about Jews is based on a fabricated story from a satire website, which was misinterpreted as real news. In reality, Corbyn has faced legitimate criticism regarding anti-Semitism within the Labour Party, which he has acknowledged and expressed a commitment to address.","The claim that Jeremy Corbyn made a derogatory remark about Jews is based on a fabricated story from a satire website, which was misinterpreted as real news. In reality, Corbyn has faced legitimate criticism regarding anti-Semitism within the Labour Party, which he has acknowledged and expressed a commitment to address.",Fact-Checkers,jews,,3847.0,FC,https://leadstories.com/hoax-alert/2018/03/fake-news-corbyn-in-new-anti-semitism-row-after-asking-man-at-bus-stop-what-times-the-bus-jew.html,,,0.0
2560,People try to get benefits for the most stupid things! Just like that obese guy in Denmark. Why should we help him? Obesity isn't even a real disability.,"It's important to recognize that individuals with disabilities, including those who may be obese, can lead fulfilling lives and contribute positively to society. Rather than perceiving disability as a burden, we should focus on the potential and capabilities of all people, advocating for inclusivity and support that empowers everyone to thrive.","It's important to recognize that individuals with disabilities, including those who may be obese, can lead fulfilling lives and contribute positively to society. Rather than perceiving disability as a burden, we should focus on the potential and capabilities of all people, advocating for inclusivity and support that empowers everyone to thrive.",NGO,people with disabilities,"[258, 261, 263, 266, 270]",,NGO,,"['https://simpl4all.eu/news/embracing-diversity-challenging-stereotypes-of-people-with-disabilities-and-learning-difficulties/#:~:text=People%20with%20disabilities%20lack%20independence,disabilities%20lead%20fulfilling%2C%20independent%20lives.', 'https://simpl4all.eu/news/embracing-diversity-challenging-stereotypes-of-people-with-disabilities-and-learning-difficulties/#:~:text=People%20with%20disabilities%20lack%20independence,disabilities%20lead%20fulfilling%2C%20independent%20lives.', 'https://www.unh.edu/diversity-inclusion/accessible/disability-101/misconceptions-about-disability#:~:text=Misconception%201%3A%20Disability%20means%20inability&text=People%20with%20disabilities%20can%20and,and%20thriving%20in%20higher%20education.', 'https://www.unh.edu/diversity-inclusion/accessible/disability-101/misconceptions-about-disability#:~:text=Misconception%201%3A%20Disability%20means%20inability&text=People%20with%20disabilities%20can%20and,and%20thriving%20in%20higher%20education.', 'https://cpdonline.co.uk/knowledge-base/care/addressing-myths-misconceptions-about-disability']","['1', '4', '2', '5', '4']",0.0
1971,People try to get benefits for the most stupid things! Just like that obese guy in Denmark. Why should we help him? Obesity isn't even a real disability.,"It's important to recognize that disability is not about labels, but rather about the impact on an individual's life. While obesity may not universally qualify as a disability, certain cases can demonstrate limitations that warrant protection from discrimination, emphasizing that many individuals with disabilities lead independent and fulfilling lives, contributing positively to society.","Are you referring to Mr. Kaltoft's case? He wanted to work, but he was dismissed from his job by a local authority. It's unfair to accuse people like him of trying to get benefits when they usually want to perform their job with integrity but sometimes are not allowed to. Furthermore, it's important to recognize that disability is not about labels but rather the impact on an individual's life. While obesity may not universally qualify as a disability, certain cases demonstrate limitations warranting protection from discrimination. This emphasizes that many individuals with disabilities lead independent and fulfilling lives and contribute positively to society.",NGO + Fact-Checkers,people with disabilities,"[258, 261, 263, 266, 270]",7930.0,NGO,https://fullfact.org/europe/factcheck-did-eu-rule-obesity-disability/,"['https://simpl4all.eu/news/embracing-diversity-challenging-stereotypes-of-people-with-disabilities-and-learning-difficulties/#:~:text=People%20with%20disabilities%20lack%20independence,disabilities%20lead%20fulfilling%2C%20independent%20lives.', 'https://simpl4all.eu/news/embracing-diversity-challenging-stereotypes-of-people-with-disabilities-and-learning-difficulties/#:~:text=People%20with%20disabilities%20lack%20independence,disabilities%20lead%20fulfilling%2C%20independent%20lives.', 'https://www.unh.edu/diversity-inclusion/accessible/disability-101/misconceptions-about-disability#:~:text=Misconception%201%3A%20Disability%20means%20inability&text=People%20with%20disabilities%20can%20and,and%20thriving%20in%20higher%20education.', 'https://www.unh.edu/diversity-inclusion/accessible/disability-101/misconceptions-about-disability#:~:text=Misconception%201%3A%20Disability%20means%20inability&text=People%20with%20disabilities%20can%20and,and%20thriving%20in%20higher%20education.', 'https://cpdonline.co.uk/knowledge-base/care/addressing-myths-misconceptions-about-disability']","['1', '4', '2', '5', '4']",1.17
1820,People try to get benefits for the most stupid things! Just like that obese guy in Denmark. Why should we help him? Obesity isn't even a real disability.,"Obesity is not automatically classified as a disability; rather, it can be considered a disability only if it significantly limits an individual's ability to work or perform daily activities. It's essential to recognize that the impact of obesity varies from person to person, and the legal framework seeks to protect those who are adversely affected by it in a specific context.","Obesity is not automatically classified as a disability; rather, it can be considered a disability only if it significantly limits an individual's ability to work or perform daily activities. It's essential to recognize that the impact of obesity varies from person to person, and the legal framework seeks to protect those who are adversely affected by it in a specific context.",Fact-Checkers,people with disabilities,,7930.0,FC,https://fullfact.org/europe/factcheck-did-eu-rule-obesity-disability/,,,0.0
2568,Poland has the lowest number of terrorist attacks because they have a strict no-migrants policy. Migrants only bring trouble!,"The claim that Poland's low number of terrorist attacks is solely due to a strict no-migrants policy is misleading, as Poland actually has low levels of migration relative to other EU countries but does not have a policy expressly prohibiting migration. Additionally, the correlation between low migration and low terrorism is not consistent across other nations, where high migration levels exist alongside low or high terrorism rates, indicating that the relationship is not straightforward and that migrants are often victims of terror themselves.","The claim that Poland's low number of terrorist attacks is solely due to a strict no-migrants policy is misleading, as Poland actually has low levels of migration relative to other EU countries but does not have a policy expressly prohibiting migration. Additionally, the correlation between low migration and low terrorism is not consistent across other nations, where high migration levels exist alongside low or high terrorism rates, indicating that the relationship is not straightforward and that migrants are often victims of terror themselves.",Fact-Checkers,migrants,,8097.0,FC,https://fullfact.org/online/does-polands-migration-policy-explain-its-lack-terror-attacks/,,,0.0
2036,Poland has the lowest number of terrorist attacks because they have a strict no-migrants policy. Migrants only bring trouble!,"It's important to recognize that the claim linking migrants to increased trouble is based on unfounded stereotypes rather than facts; evidence shows that refugees and immigrants are often less likely to commit crimes than native-born individuals. Moreover, portraying migrants as a threat ignores the many contributions they make to society and the positive impact they can have on communities.","It's important to recognize that the claim linking migrants to increased trouble is based on unfounded stereotypes rather than facts. Evidence shows that refugees and immigrants are often less likely to commit crimes than native-born individuals. Moreover, portraying migrants as a threat ignores the many contributions they make to society and the positive impact they can have on communities.",NGO,migrants,"[40, 44, 46, 50]",,NGO,,"['https://worldrelief.org/blog-immigration-myths/', 'https://www.infomigrants.net/en/post/53960/fact-or-fiction--investigating-claims-about-migration-in-2023', 'https://www.infomigrants.net/en/post/53960/fact-or-fiction--investigating-claims-about-migration-in-2023', 'https://edmo.eu/publications/disinformers-use-similar-arguments-and-techniques-to-steer-hate-against-migrants-from-ukraine-or-the-global-south-2/#:~:text=FALSE%20NARRATIVE%20%231%20%E2%80%93%20Migrants%20are,a%20danger%20for%20European%20societies.']","['2', '1', '3', '1']",0.034
1974,Poland has the lowest number of terrorist attacks because they have a strict no-migrants policy. Migrants only bring trouble!,"It's a misconception that Poland's low number of recorded terrorist attacks is solely due to a strict no-migrants policy since the premise inaccurately overlooks incidents that have occurred there since 2016, including attacks with anti-migrant motives. Moreover, research shows that migrants are less likely to commit crimes than native populations, and often, they themselves are victims of violence, demonstrating that the narrative linking migrants to terrorism is deeply misleading and harmful.","You're probably referring to the map of global terrorist attacks from 2012 to 2015 created by the Center for Strategic and International Studies. You should remember that this map is outdated and does not include the 2016 attack in Poland, which was carried out by an anti-migrant terrorist. Furthermore, research shows that immigrants are less likely to commit crimes than native populations. Immigrants are often victims of violence themselves, which demonstrates that the narrative linking them to terrorism is deeply misleading and harmful.",NGO + Fact-Checkers,migrants,"[40, 44, 46, 50]",8097.0,NGO,https://fullfact.org/online/does-polands-migration-policy-explain-its-lack-terror-attacks/,"['https://worldrelief.org/blog-immigration-myths/', 'https://www.infomigrants.net/en/post/53960/fact-or-fiction--investigating-claims-about-migration-in-2023', 'https://www.infomigrants.net/en/post/53960/fact-or-fiction--investigating-claims-about-migration-in-2023', 'https://edmo.eu/publications/disinformers-use-similar-arguments-and-techniques-to-steer-hate-against-migrants-from-ukraine-or-the-global-south-2/#:~:text=FALSE%20NARRATIVE%20%231%20%E2%80%93%20Migrants%20are,a%20danger%20for%20European%20societies.']","['2', '1', '3', '1']",0.803
2131,"Syrians are replacing the population of New Mexico, we must stop this! They're just going to bring crime and violence with them!","The claim that Syrians are replacing the population of New Mexico is misleading; in fact, only 10 Syrian refugees have been relocated to the state since 2011, demonstrating that the resettlement of Syrian refugees is minimal. Moreover, the process of refugee resettlement is governed by federal law, meaning state governors do not have the legal authority to halt such relocations.","The claim that Syrians are replacing the population of New Mexico is misleading; in fact, only 10 Syrian refugees have been relocated to the state since 2011, demonstrating that the resettlement of Syrian refugees is minimal. Moreover, the process of refugee resettlement is governed by federal law since the Refugee Act of 1980, meaning state governors do not have the legal authority to halt such relocations.",Fact-Checkers,migrants,,2292.0,FC,https://www.factcheck.org/2016/05/trumps-misleading-attack-on-martinez/,,,0.117
2375,"Syrians are replacing the population of New Mexico, we must stop this! They're just going to bring crime and violence with them!","It's important to recognize that immigrants, including Syrians, contribute positively to their communities and are less likely to engage in criminal activities than native-born Americans. Instead of fearing newcomers, we should celebrate the resilience and strength they bring, as they often come seeking safety and the chance to build a better life for themselves and their families.","It's important to recognise that immigrants, including Syrians, contribute positively to their communities and are less likely to engage in criminal activities than native-born Americans. Instead of fearing newcomers, we should celebrate the resilience and strength they bring, as they often come seeking safety and the chance to build a better life for themselves and their families.",NGO,migrants,"[40, 93, 103, 105, 107]",,NGO,,"['https://worldrelief.org/blog-immigration-myths/', 'https://iine.org/2024/04/dispelling-10-common-myths-about-immigrants-and-refugees/', 'https://www.learningforjustice.org/magazine/spring-2011/ten-myths-about-immigration', 'https://www.learningforjustice.org/magazine/spring-2011/ten-myths-about-immigration', 'https://www.learningforjustice.org/magazine/spring-2011/ten-myths-about-immigration']","['2', '6', '5', '7', '9']",0.018
2407,"Syrians are replacing the population of New Mexico, we must stop this! They're just going to bring crime and violence with them!","The claim that Syrians are replacing the population of New Mexico is not only exaggerated but also misleading, as only 10 Syrian refugees have been relocated to the state since the governor took office, demonstrating that their presence is minimal. Moreover, research shows that immigrants, including refugees, are less likely to commit crimes than native-born Americans, and areas with higher immigrant populations often experience lower crime rates, highlighting the positive contributions they make to communities.","The claim that Syrians are replacing the population of New Mexico is not only exaggerated but also misleading, as only 10 Syrian refugees have been relocated to the state since the governor took office, demonstrating that their presence is minimal. Moreover, research shows that immigrants, including refugees, are less likely to commit crimes than native-born Americans, and areas with higher immigrant populations often experience lower crime rates, highlighting the positive contributions they make to communities.",NGO + Fact-Checkers,migrants,"[40, 93, 103, 105, 107]",2292.0,NGO,https://www.factcheck.org/2016/05/trumps-misleading-attack-on-martinez/,"['https://worldrelief.org/blog-immigration-myths/', 'https://iine.org/2024/04/dispelling-10-common-myths-about-immigrants-and-refugees/', 'https://www.learningforjustice.org/magazine/spring-2011/ten-myths-about-immigration', 'https://www.learningforjustice.org/magazine/spring-2011/ten-myths-about-immigration', 'https://www.learningforjustice.org/magazine/spring-2011/ten-myths-about-immigration']","['2', '6', '5', '7', '9']",0.0
2004,The asylum system is broken because the majority of migrants are coming to the UK illegally. They are a burden on our country!,"While it is true that there has been an increase in irregular migration, the perception that these individuals are a burden is misleading; in fact, migrants contribute significantly to the economy and society, and the UK is home to just 1% of the world’s refugees. Moreover, the majority of migrants who seek asylum do so legally, and the notion of an 'invasion' dehumanizes those fleeing dire circumstances, failing to acknowledge their hopes and dreams for a better life.","While it is true that there has been an increase in irregular migration, the perception that these individuals are a burden is misleading; in fact, migrants contribute significantly to the economy and society, and the UK is home to just 1% of the world’s refugees. Moreover, the majority of migrants who seek asylum do so legally, and the notion of an 'invasion' dehumanizes those fleeing dire circumstances, failing to acknowledge their hopes and dreams for a better life.",NGO + Fact-Checkers,migrants,"[44, 46, 48, 51, 82, 83]",7850.0,NGO,https://fullfact.org/europe/government-asylum-claims-based-unpublished-data/,"['https://www.infomigrants.net/en/post/53960/fact-or-fiction--investigating-claims-about-migration-in-2023', 'https://www.infomigrants.net/en/post/53960/fact-or-fiction--investigating-claims-about-migration-in-2023', 'https://www.infomigrants.net/en/post/53960/fact-or-fiction--investigating-claims-about-migration-in-2023', 'https://edmo.eu/publications/disinformers-use-similar-arguments-and-techniques-to-steer-hate-against-migrants-from-ukraine-or-the-global-south-2/#:~:text=FALSE%20NARRATIVE%20%231%20%E2%80%93%20Migrants%20are,a%20danger%20for%20European%20societies.', 'https://www.rescue.org/uk/article/11-myths-and-misconceptions-about-refugees-debunked', 'https://www.rescue.org/uk/article/11-myths-and-misconceptions-about-refugees-debunked']","['1', '3', '5', '2a', '2', '3']",0.0
2390,The asylum system is broken because the majority of migrants are coming to the UK illegally. They are a burden on our country!,"The claim that the asylum system is broken due to illegal migrants overlooks the fact that only a small percentage—about 3 to 3.5%—of non-EU migrants are irregular. Furthermore, migrants contribute positively to our economy and society, and the number of asylum seekers in the UK is quite manageable, representing only 7% of overall immigration.","The claim that the asylum system is broken due to illegal migrants overlooks the fact that only a small percentage—about 3 to 3.5%—of non-EU migrants are irregular. Furthermore, migrants contribute positively to our economy and society, and the number of asylum seekers in the UK is quite manageable, representing only 7% of overall immigration.",NGO,migrants,"[44, 46, 48, 51, 82, 83]",,NGO,,"['https://www.infomigrants.net/en/post/53960/fact-or-fiction--investigating-claims-about-migration-in-2023', 'https://www.infomigrants.net/en/post/53960/fact-or-fiction--investigating-claims-about-migration-in-2023', 'https://www.infomigrants.net/en/post/53960/fact-or-fiction--investigating-claims-about-migration-in-2023', 'https://edmo.eu/publications/disinformers-use-similar-arguments-and-techniques-to-steer-hate-against-migrants-from-ukraine-or-the-global-south-2/#:~:text=FALSE%20NARRATIVE%20%231%20%E2%80%93%20Migrants%20are,a%20danger%20for%20European%20societies.', 'https://www.rescue.org/uk/article/11-myths-and-misconceptions-about-refugees-debunked', 'https://www.rescue.org/uk/article/11-myths-and-misconceptions-about-refugees-debunked']","['1', '3', '5', '2a', '2', '3']",0.0
2127,The asylum system is broken because the majority of migrants are coming to the UK illegally. They are a burden on our country!,"The assertion that the majority of migrants are coming to the UK illegally is based on a statistic from the Home Office that has not been published in full, making it difficult to verify its accuracy and context. Furthermore, claims of migrants being a burden often overlook the contributions they make to society and the economy, which can provide substantial benefits to the country.","The assertion that the majority of migrants are coming to the UK illegally is based on a statistic from the Home Office that has not been published in full, making it difficult to verify its accuracy and context. ",Fact-Checkers,migrants,,7850.0,FC,https://fullfact.org/europe/government-asylum-claims-based-unpublished-data/,,,0.406
2496,The Indian Government wants to launch scholarships for disabled people. I don't see why we should waste money on them when they could just find jobs like everyone else!,"It's important to recognize that individuals with disabilities have the potential to lead independent, fulfilling lives and contribute significantly to society. By investing in scholarships, we are not just supporting those individuals, but also fostering a more inclusive community that benefits everyone.","It's important to recognize that individuals with disabilities can lead independent, fulfilling lives. Scholarships just represent concrete aids through which people with disabilities can overcome accessibility barriers and meaningfully contribute to society.",NGO,people with disabilities,"[258, 261, 263, 264, 270, 275, 276, 279]",,NGO,,"['https://simpl4all.eu/news/embracing-diversity-challenging-stereotypes-of-people-with-disabilities-and-learning-difficulties/#:~:text=People%20with%20disabilities%20lack%20independence,disabilities%20lead%20fulfilling%2C%20independent%20lives.', 'https://simpl4all.eu/news/embracing-diversity-challenging-stereotypes-of-people-with-disabilities-and-learning-difficulties/#:~:text=People%20with%20disabilities%20lack%20independence,disabilities%20lead%20fulfilling%2C%20independent%20lives.', 'https://www.unh.edu/diversity-inclusion/accessible/disability-101/misconceptions-about-disability#:~:text=Misconception%201%3A%20Disability%20means%20inability&text=People%20with%20disabilities%20can%20and,and%20thriving%20in%20higher%20education.', 'https://www.unh.edu/diversity-inclusion/accessible/disability-101/misconceptions-about-disability#:~:text=Misconception%201%3A%20Disability%20means%20inability&text=People%20with%20disabilities%20can%20and,and%20thriving%20in%20higher%20education.', 'https://cpdonline.co.uk/knowledge-base/care/addressing-myths-misconceptions-about-disability', 'https://www.thearcbc.org/blog/disability-employment-misconceptions', 'https://www.thearcbc.org/blog/disability-employment-misconceptions', 'https://www.psychologytoday.com/us/blog/positively-different/202309/debunking-the-disability-employment-myths']","['1', '4', '2', '3', '4', '6', '8', '2']",0.738
2420,The Indian Government wants to launch scholarships for disabled people. I don't see why we should waste money on them when they could just find jobs like everyone else!,"It is essential to recognize that scholarships for disabled individuals are crucial for promoting inclusive education and empowering them to pursue technical careers, which has been a longstanding effort, including initiatives that existed prior to 2014. By investing in such scholarships, we are not merely providing financial support; we are fostering a more equitable society where everyone has the opportunity to succeed in the workforce.","It is essential to recognize that scholarships for disabled individuals are crucial for promoting inclusive education and empowering them to pursue technical careers, which has been a longstanding effort, including initiatives that existed prior to 2014. By investing in such scholarships, we are not merely providing financial support; we are fostering a more equitable society where everyone has the opportunity to succeed in the workforce.",Fact-Checkers,people with disabilities,,2757.0,FC,https://factly.in/fact-checking-government-claims-on-scholarship-to-persons-with-disability/,,,0.0
2513,The Indian Government wants to launch scholarships for disabled people. I don't see why we should waste money on them when they could just find jobs like everyone else!,"It’s important to recognize that people with disabilities are capable of leading independent and fulfilling lives, often excelling in various fields and contributing positively to society. Rather than viewing scholarships as a waste, we should see them as a vital support system that empowers individuals to overcome barriers and achieve their potential, as many require assistance in navigating inaccessible environments that hinder their success.","It’s important to stick to the facts: these scholarships already existed, the government just reduced the number of beneficiaries and the amount of scholarships. In general, these kinds of assistive aids are fundamental for people with disabilities to overcome accessibility barriers and lead a fulfilling, independent life, which is why investing in them is a good thing.",NGO + Fact-Checkers,people with disabilities,"[258, 261, 263, 264, 270, 275, 276, 279]",2757.0,NGO,https://factly.in/fact-checking-government-claims-on-scholarship-to-persons-with-disability/,"['https://simpl4all.eu/news/embracing-diversity-challenging-stereotypes-of-people-with-disabilities-and-learning-difficulties/#:~:text=People%20with%20disabilities%20lack%20independence,disabilities%20lead%20fulfilling%2C%20independent%20lives.', 'https://simpl4all.eu/news/embracing-diversity-challenging-stereotypes-of-people-with-disabilities-and-learning-difficulties/#:~:text=People%20with%20disabilities%20lack%20independence,disabilities%20lead%20fulfilling%2C%20independent%20lives.', 'https://www.unh.edu/diversity-inclusion/accessible/disability-101/misconceptions-about-disability#:~:text=Misconception%201%3A%20Disability%20means%20inability&text=People%20with%20disabilities%20can%20and,and%20thriving%20in%20higher%20education.', 'https://www.unh.edu/diversity-inclusion/accessible/disability-101/misconceptions-about-disability#:~:text=Misconception%201%3A%20Disability%20means%20inability&text=People%20with%20disabilities%20can%20and,and%20thriving%20in%20higher%20education.', 'https://cpdonline.co.uk/knowledge-base/care/addressing-myths-misconceptions-about-disability', 'https://www.thearcbc.org/blog/disability-employment-misconceptions', 'https://www.thearcbc.org/blog/disability-employment-misconceptions', 'https://www.psychologytoday.com/us/blog/positively-different/202309/debunking-the-disability-employment-myths']","['1', '4', '2', '3', '4', '6', '8', '2']",0.875
1936,The measles outbreak in the U.S. is all because of those immigrants crossing the border. They are bringing diseases we eliminated!,"It is important to recognize that immigrants undergo thorough health screenings and are closely monitored to prevent the spread of infectious diseases, including measles. In fact, many outbreaks in the U.S. have been linked to individuals who traveled abroad and returned without vaccinations, highlighting that the real issue is vaccine hesitancy among residents rather than those seeking refuge or a better life.","Blaming immigrants for public health issues oversimplifies a much more complex reality. People who cross borders—whether seeking safety or better opportunities—go through health screenings and legal procedures that are carefully managed by authorities. It's important to remember that diseases can reappear for many reasons, including reduced vaccination rates. Pointing fingers at already vulnerable communities only deepens stigma and distracts from real public health solutions. We’re all safer when we focus on inclusion, prevention, and accurate information.",NGO,migrants,"[108, 109]",,NGO,,"['https://www.learningforjustice.org/magazine/spring-2011/ten-myths-about-immigration', 'https://healthjournalism.org/blog/2018/12/debunking-claims-that-immigrants-bring-infectious-diseases-to-u-s/#:~:text=%E2%80%9CThere%20is%20no%20evidence%20to,used%20to%20keep%20migrants%20out.%E2%80%9D']","['10', '1']",1.161
2262,The measles outbreak in the U.S. is all because of those immigrants crossing the border. They are bringing diseases we eliminated!,"The measles outbreak in the U.S. is primarily linked to insufficient vaccination rates in certain communities rather than immigration, as the virus was eliminated in South America in 2016. The recent cases are mostly due to travelers returning from areas with ongoing outbreaks, not from immigrants crossing borders.","The measles outbreak in the U.S. is primarily linked to insufficient vaccination rates in certain communities rather than immigration, as the virus was eliminated in South America in 2016. The recent cases are mostly due to travelers returning from areas with ongoing outbreaks, such as parts of Europe, Africa, Asia, and the Pacific, according to the Centers for Disease Control and Prevention, not from immigrants from South America. ",Fact-Checkers,migrants,,2453.0,FC,https://www.factcheck.org/2019/04/measles-misinformation-gets-an-immigration-twist/,,,0.458
2138,The measles outbreak in the U.S. is all because of those immigrants crossing the border. They are bringing diseases we eliminated!,"It's important to recognize that the recent measles outbreak in the U.S. is primarily due to inadequate vaccination rates in certain communities, not immigration. In fact, measles was eliminated in the U.S. in 2000, and recent cases have largely resulted from travelers returning from areas where the disease is still active, highlighting the need for ongoing vaccination efforts rather than scapegoating immigrants.","It's important to recognize that the recent measles outbreak in the U.S. is primarily due to inadequate vaccination rates in certain communities, not immigration. In fact, measles was eliminated in the U.S. in 2000 and in North and South America in 2016, and recent cases have largely resulted from travelers returning from areas where the disease is still active, such as Europe, Africa and the Pacific, highlighting the need for ongoing vaccination efforts rather than scapegoating immigrants.",NGO + Fact-Checkers,migrants,"[108, 109]",2453.0,FC,https://www.factcheck.org/2019/04/measles-misinformation-gets-an-immigration-twist/,"['https://www.learningforjustice.org/magazine/spring-2011/ten-myths-about-immigration', 'https://healthjournalism.org/blog/2018/12/debunking-claims-that-immigrants-bring-infectious-diseases-to-u-s/#:~:text=%E2%80%9CThere%20is%20no%20evidence%20to,used%20to%20keep%20migrants%20out.%E2%80%9D']","['10', '1']",0.258
2502,"The new laws in Massachusetts are giving driver's licenses to illegal immigrants, which means they'll automatically be able to vote. It's unacceptable, they shouldn't have any right here!","It's important to recognize that providing driver's licenses to immigrants, regardless of their legal status, does not grant them the right to vote; this is a separate legal process that requires citizenship. Many immigrants come to the U.S. seeking safety and new opportunities, and they contribute positively to our communities, challenging the misconceptions that paint them as a burden.","Actually, giving driver's licenses to immigrants, regardless of their legal status, does not grant them the right to vote; voting is only allowed for U.S. citizens. Also, many immigrants come to the U.S. seeking safety and new opportunities, and they contribute positively to our communities, so they should not be seen as a threat or a burden, and should be entitlled to the same basic human rights as anyone else.",NGO,migrants,"[51, 93, 100, 103, 105, 106]",,NGO,,"['https://edmo.eu/publications/disinformers-use-similar-arguments-and-techniques-to-steer-hate-against-migrants-from-ukraine-or-the-global-south-2/#:~:text=FALSE%20NARRATIVE%20%231%20%E2%80%93%20Migrants%20are,a%20danger%20for%20European%20societies.', 'https://iine.org/2024/04/dispelling-10-common-myths-about-immigrants-and-refugees/', 'https://www.learningforjustice.org/magazine/spring-2011/ten-myths-about-immigration', 'https://www.learningforjustice.org/magazine/spring-2011/ten-myths-about-immigration', 'https://www.learningforjustice.org/magazine/spring-2011/ten-myths-about-immigration', 'https://www.learningforjustice.org/magazine/spring-2011/ten-myths-about-immigration']","['2a', '6', '1', '5', '7', '8']",0.61
2515,"The new laws in Massachusetts are giving driver's licenses to illegal immigrants, which means they'll automatically be able to vote. It's unacceptable, they shouldn't have any right here!","The claim that Massachusetts' new law will automatically register illegal immigrants to vote is false; in fact, the law explicitly prohibits this, ensuring that only U.S. citizens are registered to vote. Additionally, the narrative that immigrants, regardless of their status, undermine our electoral process overlooks the reality that many immigrants are vital contributors to our communities and economy, and they deserve to be treated with respect and fairness.","Your claim is false, as the new law in Massachussetts explicitly prohibits this, ensuring that only U.S. citizens are registered to vote. Additionally, such false narratives fuel harmful stereotypes about migrants, and overlook the reality that many of them are vital contributors to our communities and economy, and they deserve to be treated with respect and fairness.",NGO + Fact-Checkers,migrants,"[51, 93, 100, 103, 105, 106]",704.0,NGO,https://apnews.com/article/fact-check-elections-voting-immigration-licenses-872467507455,"['https://edmo.eu/publications/disinformers-use-similar-arguments-and-techniques-to-steer-hate-against-migrants-from-ukraine-or-the-global-south-2/#:~:text=FALSE%20NARRATIVE%20%231%20%E2%80%93%20Migrants%20are,a%20danger%20for%20European%20societies.', 'https://iine.org/2024/04/dispelling-10-common-myths-about-immigrants-and-refugees/', 'https://www.learningforjustice.org/magazine/spring-2011/ten-myths-about-immigration', 'https://www.learningforjustice.org/magazine/spring-2011/ten-myths-about-immigration', 'https://www.learningforjustice.org/magazine/spring-2011/ten-myths-about-immigration', 'https://www.learningforjustice.org/magazine/spring-2011/ten-myths-about-immigration']","['2a', '6', '1', '5', '7', '8']",0.456
2092,"The new laws in Massachusetts are giving driver's licenses to illegal immigrants, which means they'll automatically be able to vote. It's unacceptable, they shouldn't have any right here!","The claim that the new Massachusetts law grants driver's licenses to illegal immigrants and automatically registers them to vote is incorrect. The law explicitly prohibits the automatic voter registration of individuals who do not have legal permission to reside in the U.S., ensuring that only eligible citizens can register to vote.","Actually, the law passed this summer by Massachusetts state explicitly prohibits the automatic voter registration of individuals who do not have legal permission to reside in the U.S. Driving license applicants who are not citizens are also not automatically registered to vote. ",Fact-Checkers,migrants,,704.0,FC,https://apnews.com/article/fact-check-elections-voting-immigration-licenses-872467507455,,,0.647
2155,The pay gap is bullshit! Women just like to complain instead of working as hard as men!,"The gender pay gap is a well-documented phenomenon, showing that in 2017, women working full-time in the UK earned about 9.1% less than their male counterparts, which translates to £1.32 less per hour. This gap is influenced by various factors, including the higher prevalence of part-time work among women, which contributes to an even larger overall pay gap of 18.4% when accounting for part-time wages.","The gender pay gap is a well-documented phenomenon, showing that in 2017, women working full-time in the UK earned about 9.1% less than their male counterparts, which translates to £1.32 less per hour. This gap is influenced by various factors, including the higher prevalence of part-time work among women, which contributes to an even larger overall pay gap of 18.4% when accounting for part-time wages.",Fact-Checkers,women,,7902.0,FC,https://fullfact.org/economy/UK_gender_pay_gap/,,,0.0
2574,The pay gap is bullshit! Women just like to complain instead of working as hard as men!,"It's important to recognize that the gender pay gap is a documented reality, with women earning, on average, significantly less than men for similar work. Furthermore, the progress towards gender equality has been significant in recent decades, yet the systemic barriers and disparities still existing highlight that women's voices and contributions are often overlooked and undervalued in the workplace.","Gender pay gap is a documented reality, with women earning, on average, significantly less than men for similar work. In the UK, in 2017, the median hourly wage for women working full time was about 9.1% less than the median hourly wage for men (excluding overtime). If you count part-time wages too, the gender pay gap rises to 18.4%, or £2.52 per hour.",NGO + Fact-Checkers,women,"[140, 141, 146, 151]",7902.0,FC,https://fullfact.org/economy/UK_gender_pay_gap/,"['https://developmenteducation.ie/wp-content/uploads/2021/03/Mythbuster-Womens-Rights-web.pdf', 'https://developmenteducation.ie/wp-content/uploads/2021/03/Mythbuster-Womens-Rights-web.pdf', 'https://developmenteducation.ie/wp-content/uploads/2021/03/Mythbuster-Womens-Rights-web.pdf', 'http://weforum.org/stories/2023/11/women-workplace-myths-debunked-2023/']","['1', '2', '7', '2']",0.746
2386,The pay gap is bullshit! Women just like to complain instead of working as hard as men!,"The gender pay gap is a complex issue, supported by extensive research, showing that women earn significantly less than men for similar work, with an average gap of 31.4% worldwide. It's important to acknowledge the progress made towards gender equality while also recognizing that challenges persist, requiring continued advocacy and support for women's rights and opportunities.","The gender pay gap is a complex issue, supported by extensive research, showing that women earn significantly less than men for similar work, with an average gap of 31.4% worldwide. It's important to acknowledge the progress made towards gender equality while also recognising that challenges persist, requiring continued advocacy and support for women's rights and opportunities.",NGO,women,"[140, 141, 146, 151]",,NGO,,"['https://developmenteducation.ie/wp-content/uploads/2021/03/Mythbuster-Womens-Rights-web.pdf', 'https://developmenteducation.ie/wp-content/uploads/2021/03/Mythbuster-Womens-Rights-web.pdf', 'https://developmenteducation.ie/wp-content/uploads/2021/03/Mythbuster-Womens-Rights-web.pdf', 'http://weforum.org/stories/2023/11/women-workplace-myths-debunked-2023/']","['1', '2', '7', '2']",0.018
2418,"This country is going down the drain, even our senators defend Muslims, like that Bernie Sanders. They have nothing to do with us and our values. ","It's important to recognize that Islam shares fundamental values with other Abrahamic faiths, emphasizing principles such as equality, justice, and forgiveness, which resonate with many who live in the West. Supporting our diverse communities, including Muslims, enriches our society as we all strive for a world built on mutual respect and understanding.","It's important to recognize that Islam shares fundamental values with other Abrahamic faiths, emphasizing principles such as equality, justice, and forgiveness, which resonate with many who live in the West. Supporting our diverse communities, including Muslims, enriches our society as we all strive for a world built on mutual respect and understanding.",NGO,muslims,"[29, 32]",,NGO,,"['https://communitiesinc.org.uk/islam-mythbuster/', 'https://communitiesinc.org.uk/islam-mythbuster/']","['2', '5']",0.0
2302,"This country is going down the drain, even our senators defend Muslims, like that Bernie Sanders. They have nothing to do with us and our values. ","Senator Bernie Sanders did not defend Muslims in a way that dismisses American values; rather, he criticized a statement that was deemed Islamophobic for suggesting that Muslims have a ""deficient theology."" It is crucial to understand that the U.S. is home to diverse religious beliefs, and respect for all individuals, regardless of their faith, aligns with the fundamental values of dignity and equality that underpin American society.","Senator Bernie Sanders did not defend Muslims in a way that dismisses American values; rather, he criticized a statement that was deemed Islamophobic for suggesting that Muslims have a ""deficient theology."" It is crucial to understand that the U.S. is home to diverse religious beliefs, and respect for all individuals, regardless of their faith, aligns with the fundamental values of dignity and equality that underpin American society.",Fact-Checkers,muslims,,2381.0,FC,https://www.factcheck.org/2018/06/sanders-didnt-call-christianity-insulting/,,,0.0
2236,"This country is going down the drain, even our senators defend Muslims, like that Bernie Sanders. They have nothing to do with us and our values. ","It's important to recognize that Muslims share common values with Christians and Jews as part of the Abrahamic faiths, emphasizing virtues like equality, justice, and forgiveness, which are also foundational to Western society. Furthermore, the claims about Bernie Sanders mischaracterize his stance; he defended the dignity of all individuals, regardless of their faith, and opposed the hateful rhetoric that dismisses entire groups of people based on their beliefs.","It's important to recognize that Muslims share common values with Christians and Jews as part of the Abrahamic faiths, emphasizing virtues like equality, justice, and forgiveness, which are also foundational to Western society. Furthermore, the claims about Bernie Sanders mischaracterize his stance; he defended the dignity of all individuals, regardless of their faith, and opposed the hateful rhetoric that dismisses entire groups of people based on their beliefs.",NGO + Fact-Checkers,muslims,"[29, 32]",2381.0,FC,https://www.factcheck.org/2018/06/sanders-didnt-call-christianity-insulting/,"['https://communitiesinc.org.uk/islam-mythbuster/', 'https://communitiesinc.org.uk/islam-mythbuster/']","['2', '5']",0.0
2112,"Those gay weirdos think they can identify with everything now, even animals. I saw it in a video, they are sick!","The claim that individuals are identifying as animals is a misrepresentation of a specific event. The video in question depicts attendees at a fetish festival in Berlin participating in ""puppy play,"" a form of role-playing rather than a legitimate identification with animals.","The video shows attendees at a festival in Berlin participating in ""puppy play,"" a type of roleplaying. These people do not actually identify as dogs. ",Fact-Checkers,LGBTQIA+ community,,786.0,FC,https://apnews.com/article/fact-check-trans-species-protest-fetish-festival-671841239565,,,0.69
2486,"Those gay weirdos think they can identify with everything now, even animals. I saw it in a video, they are sick!","It's important to understand that LGBTQ+ identities have existed throughout history and are not a modern trend or choice; they are a natural expression of human diversity. Instead of viewing these identities as ""weird,"" we can embrace the complexity of human attraction and identity, recognizing that everyone deserves respect and understanding, regardless of their orientation or how they express it.","It's important to understand that LGBTQ+ identities are not a recent thing; they have existed throughout history and are a natural expression of human diversity. Instead of viewing trans identities as an illness, we can embrace the complexity of human existence, recognizing that everyone deserves respect and understanding, regardless of their self-perception or how they express it.",NGO,LGBTQIA+ community,"[195, 206, 212, 222, 225, 251]",,NGO,,"['https://www.pgaction.org/inclusion/pdf/myths-v-realities.pdf', 'https://www.nata.org/sites/default/files/2025-07/myths_misconceptions.pdf', 'https://efcl.org/wp-content/uploads/2020/04/LGBTQ-Myth-Busting-the-LGBTQ-Community.pdf', 'https://efcl.org/wp-content/uploads/2020/04/LGBTQ-Myth-Busting-the-LGBTQ-Community.pdf', 'https://efcl.org/wp-content/uploads/2020/04/LGBTQ-Myth-Busting-the-LGBTQ-Community.pdf', 'https://www.coolmindshk.com/en/top-5-myths-about-lgbt-mental-health/']","['3', '2', '2', '13', '16', '5']",0.233
1946,"Those gay weirdos think they can identify with everything now, even animals. I saw it in a video, they are sick!","It's important to clarify that the video in question features participants of a fetish festival, specifically engaging in ""puppy play,"" rather than individuals genuinely claiming to identify as animals. Such events are part of specific subcultures and do not represent the broader LGBTQ+ community, which has a rich history of diverse sexual orientations and gender identities that are not mere trends or choices.","It's important to clarify that the video in question is misrepresenting the video content which is featuring 'trans-species' participants of a fetish festival, specifically engaging in ""puppy play,"" which is a type of roleplay in which at least one of those involved behaves like a dog. 

Such events are part of specific subcultures and do not represent the broader LGBTQ+ community, which has a rich history of diverse sexual orientations and gender identities that are not mere trends or choices.",NGO + Fact-Checkers,LGBTQIA+ community,"[195, 206, 212, 222, 225, 251]",786.0,NGO,https://apnews.com/article/fact-check-trans-species-protest-fetish-festival-671841239565,"['https://www.pgaction.org/inclusion/pdf/myths-v-realities.pdf', 'https://www.nata.org/sites/default/files/2025-07/myths_misconceptions.pdf', 'https://efcl.org/wp-content/uploads/2020/04/LGBTQ-Myth-Busting-the-LGBTQ-Community.pdf', 'https://efcl.org/wp-content/uploads/2020/04/LGBTQ-Myth-Busting-the-LGBTQ-Community.pdf', 'https://efcl.org/wp-content/uploads/2020/04/LGBTQ-Myth-Busting-the-LGBTQ-Community.pdf', 'https://www.coolmindshk.com/en/top-5-myths-about-lgbt-mental-health/']","['3', '2', '2', '13', '16', '5']",0.429
1941,"Trans women are just dressed up men, they shouldn't compete with women in sports! It's unfair and dangerous for real women: look at what Fallon Fox did to his opponent in that MMA match!","Trans women are not ""dressed up men""; they are individuals whose gender identity is female, deserving of respect and inclusion. It’s important to recognize that all athletes, including transgender individuals, should be protected and respected in sports, as evidenced by the policies that support LGBTQ+ athletes in many institutions.","Trans women are not ""dressed-up men."" They are individuals whose gender identity is female and who deserve respect and inclusion. All athletes, including transgender individuals, should be protected and respected in sports, as evidenced by the policies that support LGBTQ+ athletes in many institutions.",NGO,LGBTQIA+ community,"[209, 224]",,NGO,,"['https://www.nata.org/sites/default/files/2025-07/myths_misconceptions.pdf', 'https://efcl.org/wp-content/uploads/2020/04/LGBTQ-Myth-Busting-the-LGBTQ-Community.pdf']","['5', '15']",0.286
2014,"Trans women are just dressed up men, they shouldn't compete with women in sports! It's unfair and dangerous for real women: look at what Fallon Fox did to his opponent in that MMA match!","It's important to recognize that the claim about Fallon Fox fracturing her opponent's skull is false; the video in question was miscaptioned and there is no evidence to support such a severe injury. Moreover, fears surrounding trans women competing in sports often stem from misconceptions, as policies are in place to protect all athletes, including LGBTQ+ individuals, ensuring a fair and respectful environment for everyone.","It's important to recognize that the claim about Fallon Fox fracturing her opponent's skull is false. The video in question was miscaptioned and there is no evidence of such a severe injury. Furthermore, concerns about transgender women competing in sports often arise from misconceptions. Policies are in place to protect all athletes, including LGBTQ+ individuals, ensuring a fair and respectful environment for everyone.",NGO + Fact-Checkers,LGBTQIA+ community,"[209, 224]",1464.0,NGO,https://checkyourfact.com/2023/04/17/fact-check-transgender-mma-fracture-skull/,"['https://www.nata.org/sites/default/files/2025-07/myths_misconceptions.pdf', 'https://efcl.org/wp-content/uploads/2020/04/LGBTQ-Myth-Busting-the-LGBTQ-Community.pdf']","['5', '15']",0.185
2214,"Trans women are just dressed up men, they shouldn't compete with women in sports! It's unfair and dangerous for real women: look at what Fallon Fox did to his opponent in that MMA match!","The claim that Fallon Fox fractured her opponent's skull during their MMA match is false; the video in question is miscaptioned, and there is no evidence supporting that any such injury occurred. Reports indicate that while Fox's opponent was knocked out in just 39 seconds, there is no credible information about a fractured skull, highlighting the importance of relying on verified facts rather than misleading narratives.","The claim that Fallon Fox fractured her opponent's skull during their MMA match is false; the video in question is miscaptioned, and there is no evidence supporting that any such injury occurred. Reports indicate that while Fox's opponent was knocked out in just 39 seconds, there is no credible information about a fractured skull, highlighting the importance of relying on verified facts rather than misleading narratives.",Fact-Checkers,LGBTQIA+ community,,1464.0,FC,https://checkyourfact.com/2023/04/17/fact-check-transgender-mma-fracture-skull/,,,0.0
2030,Unbelievable! The police are attacking people who are just standing up against migration instead of dealing with the real problems we have in the UK!,"It's important to recognize that the narrative of an 'invasion' is misleading; the reality is that asylum seekers in the UK represent only 7% of immigration and the country ranks 20th in Europe for asylum applications per capita. Instead of viewing migration as a threat, we should acknowledge these individuals as people with hopes and dreams, who are often fleeing dire circumstances, and support a balanced conversation about their challenges and contributions.","It's important to recognize that the narrative of an 'invasion' is misleading; the reality is that asylum seekers in the UK represent only 7% of immigration and the country ranks 20th in Europe for asylum applications per capita. Instead of viewing migration as a threat, we should acknowledge these individuals as people with hopes and dreams, who are often fleeing dire circumstances, and support a balanced conversation about their challenges and contributions.",NGO,migrants,"[44, 46, 52, 83]",,NGO,,"['https://www.infomigrants.net/en/post/53960/fact-or-fiction--investigating-claims-about-migration-in-2023', 'https://www.infomigrants.net/en/post/53960/fact-or-fiction--investigating-claims-about-migration-in-2023', 'https://edmo.eu/publications/disinformers-use-similar-arguments-and-techniques-to-steer-hate-against-migrants-from-ukraine-or-the-global-south-2/#:~:text=FALSE%20NARRATIVE%20%231%20%E2%80%93%20Migrants%20are,a%20danger%20for%20European%20societies.', 'https://www.rescue.org/uk/article/11-myths-and-misconceptions-about-refugees-debunked']","['1', '3', '2b', '3']",0.0
2216,Unbelievable! The police are attacking people who are just standing up against migration instead of dealing with the real problems we have in the UK!,"It's important to recognize that the portrayal of police actions as targeted attacks against individuals standing up against migration is misleading. The reality is that law enforcement was responding to violent incidents stemming from misinformation and was focused on organized crime, not solely on anti-migration protests, highlighting the need for accurate information in the discussion around immigration and its societal impacts.","It's important to recognize that the portrayal of police actions as targeted attacks against individuals standing up against migration is misleading. The reality is that law enforcement was responding to violent incidents stemming from misinformation and was focused on organized crime, not solely on anti-migration protests, highlighting the need for accurate information in the discussion around immigration and its societal impacts.",NGO + Fact-Checkers,migrants,"[44, 46, 52, 83]",1515.0,FC,https://checkyourfact.com/2024/08/09/fact-check-does-this-video-show-british-police-raiding-the-home-of-an-anti-immigration-protester/,"['https://www.infomigrants.net/en/post/53960/fact-or-fiction--investigating-claims-about-migration-in-2023', 'https://www.infomigrants.net/en/post/53960/fact-or-fiction--investigating-claims-about-migration-in-2023', 'https://edmo.eu/publications/disinformers-use-similar-arguments-and-techniques-to-steer-hate-against-migrants-from-ukraine-or-the-global-south-2/#:~:text=FALSE%20NARRATIVE%20%231%20%E2%80%93%20Migrants%20are,a%20danger%20for%20European%20societies.', 'https://www.rescue.org/uk/article/11-myths-and-misconceptions-about-refugees-debunked']","['1', '3', '2b', '3']",0.0
1813,Unbelievable! The police are attacking people who are just standing up against migration instead of dealing with the real problems we have in the UK!,"The claim that police are attacking people standing against migration is misleading; the recent police actions were part of a drug bust operation, not a crackdown on anti-immigration protestors. The operations in Manchester were conducted as part of ongoing efforts against organized crime and had no direct connection to the recent anti-immigration riots, which were fueled by misinformation surrounding a violent incident.","The claim that police are attacking people standing against migration is misleading; the recent police actions were part of a drug bust operation, not a crackdown on anti-immigration protestors. The operations in Manchester were conducted as part of ongoing efforts against organized crime and had no direct connection to the recent anti-immigration riots, which were fueled by misinformation surrounding a violent incident.",Fact-Checkers,migrants,,1515.0,FC,https://checkyourfact.com/2024/08/09/fact-check-does-this-video-show-british-police-raiding-the-home-of-an-anti-immigration-protester/,,,0.0
1949,"We can't just let people pour into the country without any checks. It's unfair, even Obama said it!","It's important to understand that individuals seeking asylum often come from desperate situations and are simply trying to find safety and stability for themselves and their families. In fact, the majority of immigrants are lawfully present in the United States, and studies show they contribute positively to the economy and society, often facing significant challenges to do so.","It's important to understand that individuals seeking asylum often come from desperate situations where they are seeking freedom from persecution and violence. Hence, they are simply trying to find safety and stability for themselves and their families. 

Also, FBI data shows that the violent crime rate and property crime rate declined 48 percent. 

In fact, the majority of immigrants are lawfully present in the United States, and studies show they contribute positively to the economy and society, often facing significant challenges to do so.",NGO,migrants,"[93, 100, 103, 105, 106, 108]",,NGO,,"['https://iine.org/2024/04/dispelling-10-common-myths-about-immigrants-and-refugees/', 'https://www.learningforjustice.org/magazine/spring-2011/ten-myths-about-immigration', 'https://www.learningforjustice.org/magazine/spring-2011/ten-myths-about-immigration', 'https://www.learningforjustice.org/magazine/spring-2011/ten-myths-about-immigration', 'https://www.learningforjustice.org/magazine/spring-2011/ten-myths-about-immigration', 'https://www.learningforjustice.org/magazine/spring-2011/ten-myths-about-immigration']","['6', '1', '5', '7', '8', '10']",0.448
2150,"We can't just let people pour into the country without any checks. It's unfair, even Obama said it!","While Barack Obama did express concerns about immigration and the need for stronger borders, he also emphasized that merely securing the borders is not a comprehensive solution to immigration management. It's important to recognize that successful immigration policies involve a balance of security and the recognition of the contributions that immigrants make to society.","When Senator of Illinois, in 2005, Barack Obama did express concerns about immigration and the need for stronger borders. However, he also said that merely securing the borders does not solve immigration management. ",Fact-Checkers,migrants,,573.0,FC,https://apnews.com/article/archive-fact-checking-2477111077,,,0.685
2665,"We can't just let people pour into the country without any checks. It's unfair, even Obama said it!","While it's true that Barack Obama spoke about the importance of border security, he also emphasized that merely securing borders does not resolve immigration management issues, highlighting the need for a balanced approach. Moreover, contrary to the belief that unchecked immigration is a crisis, most immigrants in the U.S. are here legally, contributing positively to our society and economy, and should not be seen as a threat but as individuals seeking safety and opportunity.","While it's true that Barack Obama spoke about the importance of border security, he also emphasized that merely securing borders does not resolve immigration management issues, highlighting the need for a balanced approach. Moreover, contrary to the belief that unchecked immigration is a crisis, most immigrants in the U.S. are here legally, contributing positively to our society and economy, and should not be seen as a threat, but as individuals seeking safety and opportunity.",NGO + Fact-Checkers,migrants,"[93, 100, 103, 105, 106, 108]",573.0,NGO,https://apnews.com/article/archive-fact-checking-2477111077,"['https://iine.org/2024/04/dispelling-10-common-myths-about-immigrants-and-refugees/', 'https://www.learningforjustice.org/magazine/spring-2011/ten-myths-about-immigration', 'https://www.learningforjustice.org/magazine/spring-2011/ten-myths-about-immigration', 'https://www.learningforjustice.org/magazine/spring-2011/ten-myths-about-immigration', 'https://www.learningforjustice.org/magazine/spring-2011/ten-myths-about-immigration', 'https://www.learningforjustice.org/magazine/spring-2011/ten-myths-about-immigration']","['6', '1', '5', '7', '8', '10']",0.014
2516,"We should stop letting migrants in, so we wouldn't have any more terrorist attacks, like Poland!","The claim that stopping migrants would prevent terrorist attacks is misleading, as research shows that most terror attacks are carried out by domestic assailants, not migrants. In fact, migrants are often more likely to be victims of such violence, and Poland, while having lower migration levels, still records instances of terror attacks, illustrating that migration policies do not correlate with the causes of terrorism.","The claim is actually misleading, as research shows that most terror attacks are carried out by domestic assailants, not migrants. In fact, migrants are often more likely to be victims of such violence, and Poland, while having lower migration levels, still records instances of terror attacks, showing that migration policies do not correlate with the causes of terrorism.",NGO + Fact-Checkers,muslims,"[5, 28, 33]",766.0,NGO,https://apnews.com/ap-fact-check/posts-misrepresent-data-on-terrorism-and-migration-in-poland-00000188f87bd27baffafa7feccc0000,"['https://www.learningforjustice.org/sites/default/files/general/tt_debunking_misconceptions_0.pdf', 'https://communitiesinc.org.uk/islam-mythbuster/', 'https://communitiesinc.org.uk/islam-mythbuster/']","['1', '1', '6']",0.141
2091,"We should stop letting migrants in, so we wouldn't have any more terrorist attacks, like Poland!","Poland has not had a ""no-migrants policy""; rather, as a member of the European Union, it allows for the freedom of movement for EU citizens and issued over 14,000 temporary residence permits in 2020 alone. Moreover, data indicates that immigrants are more often victims of terrorism rather than perpetrators, with most attacks being carried out by domestic assailants.","Poland had 42 terrorist attacks from 1971 through 2020. Moreover, the country is open to migrants as a member of the European Union. In any case, there is no proof that migrants are the cause of the attacks, and the data shows they are in fact more likely to be victims of terror than perpetrators.",Fact-Checkers,muslims,,766.0,FC,https://apnews.com/ap-fact-check/posts-misrepresent-data-on-terrorism-and-migration-in-poland-00000188f87bd27baffafa7feccc0000,,,0.879
2503,"We should stop letting migrants in, so we wouldn't have any more terrorist attacks, like Poland!","It's important to recognize that the vast majority of Muslims are peaceful individuals who condemn violence and terrorism, seeing such actions as a distortion of their faith. Additionally, many of the individuals involved in extremist activities are not representative of the Muslim community, and studies show that they are often British nationals who have not been raised in strongly religious households.","Your claim is a wrong generalization, as the vast majority of Muslims are peaceful individuals who condemn violence and terrorism, seeing such actions as a distortion of their faith. Additionally, many of the individuals involved in extremist activities are not representative of the Muslim community, with studies showing that for example in the UK they are often British nationals with no religious upbringing.",NGO,muslims,"[5, 28, 33]",,NGO,,"['https://www.learningforjustice.org/sites/default/files/general/tt_debunking_misconceptions_0.pdf', 'https://communitiesinc.org.uk/islam-mythbuster/', 'https://communitiesinc.org.uk/islam-mythbuster/']","['1', '1', '6']",0.344
2009,"We shouldn't let immigrants into our country, they are so violent! Look at that Paki guy who pushed a woman down stair case for no reason! ","It's important to recognize that the claim associating violence with immigrants often stems from misleading narratives. In this case, the video you mentioned does not depict a Pakistani immigrant but rather a Spaniard involved in a crime, which highlights how misinformation can perpetuate harmful stereotypes about migrants being violent or criminal.","It's important to recognize that claims associating immigrants with violence often stem from misleading narratives. In this case, the video you mentioned does not depict a Pakistani immigrant but rather a Spaniard involved in a crime, which highlights how misinformation can perpetuate harmful stereotypes about immigrants being violent or criminal.",NGO + Fact-Checkers,migrants,"[45, 46, 50, 112]",1497.0,NGO,https://checkyourfact.com/2024/03/20/fact-check-claim-pakistani-immigrant-woman-france/,"['https://www.infomigrants.net/en/post/53960/fact-or-fiction--investigating-claims-about-migration-in-2023', 'https://www.infomigrants.net/en/post/53960/fact-or-fiction--investigating-claims-about-migration-in-2023', 'https://edmo.eu/publications/disinformers-use-similar-arguments-and-techniques-to-steer-hate-against-migrants-from-ukraine-or-the-global-south-2/#:~:text=FALSE%20NARRATIVE%20%231%20%E2%80%93%20Migrants%20are,a%20danger%20for%20European%20societies.', 'https://jrseurope.org/en/news/debunking-5-migration-myths-a-conference-by-alberto-ares/']","['2', '3', '1', '3']",0.118
2043,"We shouldn't let immigrants into our country, they are so violent! Look at that Paki guy who pushed a woman down stair case for no reason! ","It's important to recognize that the actions of an individual do not define an entire group; the overwhelming majority of immigrants contribute positively to society and foster community safety. In fact, studies show that cities with high levels of migration often experience reduced crime rates, challenging the stereotype that migrants are inherently violent.","It's important to recognize that the actions of an individual do not define an entire group. The overwhelming majority of immigrants contribute positively to society and foster community safety. In fact, studies show that cities with high levels of migration often experience reduced crime rates, challenging the stereotype that migrants are inherently violent.",NGO,migrants,"[45, 46, 50, 112]",,NGO,,"['https://www.infomigrants.net/en/post/53960/fact-or-fiction--investigating-claims-about-migration-in-2023', 'https://www.infomigrants.net/en/post/53960/fact-or-fiction--investigating-claims-about-migration-in-2023', 'https://edmo.eu/publications/disinformers-use-similar-arguments-and-techniques-to-steer-hate-against-migrants-from-ukraine-or-the-global-south-2/#:~:text=FALSE%20NARRATIVE%20%231%20%E2%80%93%20Migrants%20are,a%20danger%20for%20European%20societies.', 'https://jrseurope.org/en/news/debunking-5-migration-myths-a-conference-by-alberto-ares/']","['2', '3', '1', '3']",0.038
1831,"We shouldn't let immigrants into our country, they are so violent! Look at that Paki guy who pushed a woman down stairs for no reason! ","The claim that immigrants are inherently violent is misleading, as the specific incident you mention actually involves a man who is likely Spanish, not Pakistani, and the situation was more complex than it appears. In fact, investigations revealed that the woman involved was under the influence of narcotics and the man was allegedly her drug dealer, highlighting that attributing violence to immigration status oversimplifies the issue.","The claim that immigrants are inherently violent is misleading. As the specific incident you mentioned, it actually involves a man who is likely to be Spanish, not Pakistani, and the situation was more complex than it appears. In fact, investigations revealed that the woman involved was under the influence of narcotics and the man was allegedly her drug dealer.",Fact-Checkers,migrants,,1497.0,FC,https://checkyourfact.com/2024/03/20/fact-check-claim-pakistani-immigrant-woman-france/,,,0.242
2016,What a shame that we let Muslim terrorists and hate preachers get away from the UK with their crimes without facing consequences!,"It's important to clarify that the individuals you mention, such as Anjem Choudary and Abu Hamza, have indeed faced significant legal consequences for their actions, including imprisonment under terrorism laws. Furthermore, it's crucial to recognize that the vast majority of Muslims reject violence and terrorism, viewing such actions as a distortion of their faith, and many have actively condemned extremist behaviors that falsely represent Islam.","You're probably referring to the cases of Anjem Choudary and Abu Hamza. It's important to clarify that they have indeed faced significant legal consequences for their actions, including imprisonment under terrorism laws. Furthermore, it's crucial to recognize that the vast majority of Muslims reject violence and terrorism, viewing such actions as a distortion of their faith, and many have actively condemned extremist behaviors that falsely represent Islam.",NGO + Fact-Checkers,muslims,"[2, 5, 33]",7708.0,NGO,https://fullfact.org/online/Tommy-Robinson-Image/,"['https://www.adl.org/sites/default/files/myths-and-facts-about-muslim-people-and-islam.pdf', 'https://www.learningforjustice.org/sites/default/files/general/tt_debunking_misconceptions_0.pdf', 'https://communitiesinc.org.uk/islam-mythbuster/']","['2', '1', '6']",0.154
1979,What a shame that we let Muslim terrorists and hate preachers get away from the UK with their crimes without facing consequences!,"It's crucial to recognize that the actions of a small minority of extremists do not represent the beliefs of the vast majority of Muslims, who overwhelmingly reject violence and terrorism as a distortion of their faith. Rather than labeling an entire community based on the actions of a few, we should focus on fostering mutual respect and understanding, as many Muslim leaders and organizations actively condemn such acts and work towards peace.","It's crucial to recognize that the actions of a few extremists do not represent the beliefs of most Muslims, who overwhelmingly reject violence and terrorism as distortions of their faith. Rather than labeling an entire community based on the actions of a few, we should focus on fostering mutual respect and understanding. In fact, many Muslim leaders and organizations actively condemn such acts and work towards peace.",NGO,muslims,"[2, 5, 33]",,NGO,,"['https://www.adl.org/sites/default/files/myths-and-facts-about-muslim-people-and-islam.pdf', 'https://www.learningforjustice.org/sites/default/files/general/tt_debunking_misconceptions_0.pdf', 'https://communitiesinc.org.uk/islam-mythbuster/']","['2', '1', '6']",0.167
1821,What a shame that we let Muslim terrorists and hate preachers get away from the UK with their crimes without facing consequences!,"It is incorrect to claim that Muslim hate preachers have faced no consequences for their actions; Anjem Choudary was imprisoned under the terrorism act in 2016, while Abu Hamza is currently serving a life sentence in the US for multiple terror charges. Additionally, Abu Qatada was arrested multiple times in the UK in relation to terrorism before being extradited to Jordan, where he was previously convicted in absentia of terrorism charges.","It is incorrect to claim that Muslim hate preachers have faced no consequences for their actions; Anjem Choudary was imprisoned under the terrorism act in 2016, while Abu Hamza is currently serving a life sentence in the US for multiple terror charges. Additionally, Abu Qatada was arrested multiple times in the UK in relation to terrorism before being extradited to Jordan, where he was previously convicted in absentia of terrorism charges.",Fact-Checkers,muslims,,7708.0,FC,https://fullfact.org/online/Tommy-Robinson-Image/,,,0.0
2437,Why are we wasting our money letting all refugees in the US when we can't even take care of our own seniors?,"The claim that the U.S. has an unlimited number of refugees entering the country is false; the number is actually capped annually, with the limit set at only 30,000 for fiscal year 2019, the lowest since 1980. Additionally, while there was no cost-of-living adjustment for Social Security in certain years due to economic factors, benefits increased by 2.8 percent in 2019, demonstrating that funding for seniors is available and not diminished by refugee resettlement","The claim that the U.S. has an unlimited number of refugees entering the country is false; the number is actually capped annually, with the limit set at only 30,000 for fiscal year 2019, the lowest since 1980. Additionally, while there was no cost-of-living adjustment for Social Security in certain years due to economic factors, benefits increased by 2.8 percent in 2019, demonstrating that funding for seniors is available and not diminished by refugee resettlement",Fact-Checkers,migrants,,2442.0,FC,https://www.factcheck.org/2019/04/meme-distorts-facts-on-refugees-social-security/,,,0.0
2452,Why are we wasting our money letting all refugees in the US when we can't even take care of our own seniors?,"It's important to recognize that the number of refugees admitted to the U.S. is actually capped by the government, so the idea that we are letting in an unlimited number is simply not true. Additionally, refugees contribute significantly to our economy, paying more in taxes than they receive in benefits, and they often take on essential roles in the workforce, which helps support not only themselves but also our communities, including seniors.","It's important to recognize that the number of refugees admitted to the U.S. is actually capped by the government under the Refugee Act of 1980, so the idea that we are letting in an unlimited number is simply not true. Additionally, refugees contribute significantly to our economy, paying more in taxes than they receive in benefits, and they often take on essential roles in the workforce, which helps support not only themselves but also our communities, including seniors.",NGO + Fact-Checkers,migrants,"[39, 76, 91, 104]",2442.0,FC,https://www.factcheck.org/2019/04/meme-distorts-facts-on-refugees-social-security/,"['https://worldrelief.org/blog-immigration-myths/', 'https://www.vera.org/news/debunking-the-lies-politicians-say-about-immigrants', 'https://iine.org/2024/04/dispelling-10-common-myths-about-immigrants-and-refugees/', 'https://www.learningforjustice.org/magazine/spring-2011/ten-myths-about-immigration']","['1', '4', '3', '6']",0.097
2018,Why are we wasting our money letting all refugees in the US when we can't even take care of our own seniors?,"It's important to recognize that refugees and immigrants make significant contributions to our economy, often paying more in taxes than they receive in support. By welcoming newcomers, we not only provide them with safety and hope, but we also enhance our workforce and support our economy, ensuring that we can take care of all members of our community, including our seniors.","It's important to recognize that refugees and immigrants make significant contributions to our economy, often paying more in taxes than they receive in support. By welcoming newcomers, we not only provide them with safety and hope, but we also enhance our workforce and support our economy, ensuring that we can take care of all members of our community, including our seniors.

Moreover, we must not forget that people migrate at tremendous personal and emotional cost, in search of better opportunities. Isn't it unfair to blame those who have the least for social problems that may, in fact, have entirely different causes?",NGO,migrants,"[39, 76, 91, 104]",,NGO,,"['https://worldrelief.org/blog-immigration-myths/', 'https://www.vera.org/news/debunking-the-lies-politicians-say-about-immigrants', 'https://iine.org/2024/04/dispelling-10-common-myths-about-immigrants-and-refugees/', 'https://www.learningforjustice.org/magazine/spring-2011/ten-myths-about-immigration']","['1', '4', '3', '6']",0.656
1864,Women act all independent and then say they are ok with a 1% pay rise since they have a partner who would maintain them. What a joke!,"The claim that women are only accepting a 1% pay rise because they have partners to support them misrepresents the context of the discussion surrounding the pay rise. In fact, a nurse referenced in an interview stated that she would prefer her husband to be furloughed than to receive a pay rise, highlighting that financial decisions are often influenced by the overall household budget and the economic pressures faced during the pandemic, rather than a lack of independence or financial capability.","The claim that women are only accepting a 1% pay rise because they have partners to support them misrepresents the context of the discussion surrounding the pay rise. In fact, a nurse referenced in an interview stated that she would prefer her husband to be furloughed than to receive a pay rise, because they will have the certainty that they will be able to pay off the mortgage. She also added, that financial decisions are often influenced by the overall household budget and the economic pressures, especially faced during the pandemic, rather than a lack of independence or financial capability.",Fact-Checkers,women,,7686.0,FC,https://fullfact.org/online/nadine-dorries-nurse-pay-womans-hour/,,,0.259
2674,Women act all independent and then say they are ok with a 1% pay rise since they have a partner who would maintain them. What a joke!,"It's important to recognize that while some women may choose to stay at home, many face significant barriers that limit their ability to remain in the workforce, such as inadequate childcare and inflexible work policies. Instead of dismissing their choices as a joke, we should support efforts to create equitable workplaces that allow all individuals, regardless of gender, to pursue their careers and family aspirations simultaneously.","It's important to recognize that while some women may choose to stay at home, many face significant barriers that limit their ability to remain in the workforce, such as inadequate childcare and inflexible work policies. Instead of dismissing their choices as a joke, we should support efforts to create equitable workplaces that allow all individuals, regardless of gender, to pursue their careers and family aspirations simultaneously.",NGO,women,[173],,NGO,,['https://www.etf.europa.eu/sites/default/files/2025-02/4284289%20_etf_gender_leaflet_V3.pdf'],['3'],0.0
2007,Women act all independent and then say they are ok with a 1% pay rise since they have a partner who would maintain them. What a joke!,"It's important to recognize that many women face significant challenges in balancing their careers and family responsibilities, often driven by societal expectations and systemic issues such as a lack of affordable childcare. Moreover, the notion that women only accept lower pay because they have partners overlooks the fact that many women desire to continue working and advancing in their careers, even as they navigate the complexities of motherhood and professional life.","This is a misinterpretation of the nurse's words. She said that if she had to choose between her husband staying on furlough until the autumn (and not being fired) or receiving a pay rise herself, she would definitely choose the furlough, as it gave them the financial security to keep up with their household expenses. It's important to recognize that many women face significant challenges in balancing their careers and family responsibilities, often due to societal expectations and systemic issues such as a lack of affordable childcare. Furthermore, the idea that women accept lower pay only because they have partners ignores the fact that many women want to continue working and advancing in their careers while navigating the complexities of motherhood and professional life.",NGO + Fact-Checkers,women,[173],7686.0,NGO,https://fullfact.org/online/nadine-dorries-nurse-pay-womans-hour/,['https://www.etf.europa.eu/sites/default/files/2025-02/4284289%20_etf_gender_leaflet_V3.pdf'],['3'],0.958
1945,"Women always play the victims but the truth is they are vicious! They rape men too, like those three women Telangana!","It's important to recognize that while men can also experience violence, the prevalence of violence against women is significantly higher and often goes underreported due to societal stigma. Instead of perpetuating negative stereotypes, we should foster understanding and support for all victims of violence, acknowledging that both men and women face challenges but that women's experiences of violence are widespread and deeply rooted in systemic issues.","It's important to recognize that while men can also experience violence, the prevalence of violence against women is significantly higher and often goes underreported due to societal stigma. Instead of perpetuating negative stereotypes, we should foster understanding and support for all victims of violence. We must acknowledge that although both men and women face challenges, women's experiences of violence are widespread and deeply rooted in systemic issues.",NGO,women,"[147, 159, 160, 180, 187]",,NGO,,"['https://developmenteducation.ie/wp-content/uploads/2021/03/Mythbuster-Womens-Rights-web.pdf', 'https://www.enar-eu.org/wp-content/uploads/debunkingmyths_lr_final.pdf', 'https://www.enar-eu.org/wp-content/uploads/debunkingmyths_lr_final.pdf', 'https://safeandequal.org.au/understanding-family-violence/myths/#', 'https://aasas.ca/wp-content/uploads/2022/05/Fact-Sheet_Debunking-Popular-Misconceptions-About-SV.pdf']","['8', '3', '4', '9', '8']",0.121
1983,"Women always play the victims but the truth is they are vicious! They rape men too, like those three women Telangana!","It's important to recognize that the claim regarding the incident in Telangana is not only false but also built on misinformation; the man in the image is actually Hasnain Warekar, who tragically died by suicide in 2016, not due to any act by women. Furthermore, while men can and do experience violence, the reality is that women face disproportionate levels of violence throughout their lives, with 1 in 3 women experiencing physical or sexual violence, highlighting the need for empathy and understanding rather","It's important to recognize that the claim about the incident in Telangana is false and based on misinformation. The man in the image is Hasnain Warekar, who died by suicide in 2016. His death was not caused by women. While men can and do experience violence, women face disproportionate levels of violence throughout their lives. One in three women experiences physical or sexual violence, which highlights the need for empathy and understanding.",NGO + Fact-Checkers,women,"[147, 159, 160, 180, 187]",2860.0,NGO,https://factly.in/image-of-a-man-who-died-in-2016-is-being-shared-with-a-false-narrative/,"['https://developmenteducation.ie/wp-content/uploads/2021/03/Mythbuster-Womens-Rights-web.pdf', 'https://www.enar-eu.org/wp-content/uploads/debunkingmyths_lr_final.pdf', 'https://www.enar-eu.org/wp-content/uploads/debunkingmyths_lr_final.pdf', 'https://safeandequal.org.au/understanding-family-violence/myths/#', 'https://aasas.ca/wp-content/uploads/2022/05/Fact-Sheet_Debunking-Popular-Misconceptions-About-SV.pdf']","['8', '3', '4', '9', '8']",0.373
1815,"Women always play the victims but the truth is they are vicious! They rape men too, like those three women Telangana!","The claim that women are vicious and capable of raping men is misleading and based on a false narrative. The specific incident referenced about a 23-year-old man allegedly raped by three women in Telangana has been debunked, as the man in the image is actually Hasnain Warekar, who died by suicide in 2016, making this claim inaccurate.","The generalization you made based on that one case is misleading and based on a false narrative. This specific incident referenced about a 23-year-old man allegedly raped by three women in Telangana has been debunked, as the man in the image is actually Hasnain Warekar, who died by suicide in 2016, making this claim inaccurate.",Fact-Checkers,women,,2860.0,FC,https://factly.in/image-of-a-man-who-died-in-2016-is-being-shared-with-a-false-narrative/,,,0.193
2376,Women are always exaggerating about harassment in schools. It's just a way to get attention!,"It's important to recognize that when women speak out about harassment in schools, they are sharing real experiences that deserve to be taken seriously, rather than dismissed as attention-seeking. The notion that women exaggerate these issues not only undermines their voices but also perpetuates harmful stereotypes that stem from historical misconceptions regarding women's emotions and experiences.","When women speak out about harassment in schools, they are sharing real experiences that deserve to be taken seriously, rather than dismissed as attention-seeking. The notion that women exaggerate these issues not only undermines their voices but also perpetuates harmful stereotypes that stem from historical misconceptions regarding women's emotions and experiences.",NGO,women,"[160, 182, 184, 185, 189]",,NGO,,"['https://www.enar-eu.org/wp-content/uploads/debunkingmyths_lr_final.pdf', 'https://aasas.ca/wp-content/uploads/2022/05/Fact-Sheet_Debunking-Popular-Misconceptions-About-SV.pdf', 'https://aasas.ca/wp-content/uploads/2022/05/Fact-Sheet_Debunking-Popular-Misconceptions-About-SV.pdf', 'https://aasas.ca/wp-content/uploads/2022/05/Fact-Sheet_Debunking-Popular-Misconceptions-About-SV.pdf', 'https://rapecrisis.org.uk/get-informed/about-sexual-violence/myths-vs-realities/']","['4', '3', '5', '6', '2']",0.107
2408,Women are always exaggerating about harassment in schools. It's just a way to get attention!,"It's crucial to recognize that the discussion around harassment in schools is based on substantial evidence indicating that a significant number of girls experience various forms of sexual harassment, such as being sent unwanted explicit images; this is not merely an exaggeration for attention. Furthermore, dismissing women's experiences as ""hysteria"" perpetuates harmful stereotypes that undermine their voices and the serious nature of the issue, as the reality is that nobody is immune to harassment and it is a widespread problem affecting individuals across diverse backgrounds.","The discussion around harassment in schools is based on substantial evidence indicating that a significant number of girls experience various forms of sexual harassment, such as being sent unwanted explicit images; this is not merely an exaggeration for attention. Furthermore, dismissing women's experiences as ""hysteria"" perpetuates harmful stereotypes that undermine their voices and the serious nature of the issue, as the reality is that nobody is immune to harassment. It is a widespread problem affecting individuals across diverse backgrounds.",NGO + Fact-Checkers,women,"[160, 182, 184, 185, 189]",7841.0,NGO,https://fullfact.org/education/maria-miller-nine-ten-girls-ofsted/,"['https://www.enar-eu.org/wp-content/uploads/debunkingmyths_lr_final.pdf', 'https://aasas.ca/wp-content/uploads/2022/05/Fact-Sheet_Debunking-Popular-Misconceptions-About-SV.pdf', 'https://aasas.ca/wp-content/uploads/2022/05/Fact-Sheet_Debunking-Popular-Misconceptions-About-SV.pdf', 'https://aasas.ca/wp-content/uploads/2022/05/Fact-Sheet_Debunking-Popular-Misconceptions-About-SV.pdf', 'https://rapecrisis.org.uk/get-informed/about-sexual-violence/myths-vs-realities/']","['4', '3', '5', '6', '2']",0.106
2134,Women are always exaggerating about harassment in schools. It's just a way to get attention!,"It is important to recognize that sexual harassment and abuse among schoolchildren, particularly girls, is a serious issue, supported by various evidence sources. The Ofsted research indicates significant concern around these behaviors, with around 88% of girls reporting that unwanted pictures or videos are common among their peers, highlighting the prevalence of this issue rather than a mere exaggeration.","It is important to recognize that sexual harassment and abuse among schoolchildren, particularly girls, is a serious issue, supported by various evidence sources. The Ofsted research indicates significant concern around these behaviors, with around 88% of girls reporting that unwanted pictures or videos are common among their peers, highlighting the prevalence of this issue rather than a mere exaggeration.",Fact-Checkers,women,,7841.0,FC,https://fullfact.org/education/maria-miller-nine-ten-girls-ofsted/,,,0.0
2573,Women are just not fit for leadership roles. Look at the number of female MPs compared to men!,"Claiming that women are unfit for leadership roles ignores the fact that women are increasingly taking on significant leadership positions, with 32% of all MPs in the UK being women and Labour leading the way with 45% of its MPs being female. Furthermore, the narrative that women lack ambition is belied by evidence showing that women are as committed to career advancement as men, with many aspiring for senior leadership roles, thus demonstrating that systemic barriers, not capability, limit women's participation in leadership.","Claiming that women are unfit for leadership roles ignores the fact that women are increasingly taking on significant leadership positions, with 32% of all MPs in the UK being women and Labour leading the way with 45% of its MPs being female. Furthermore, the narrative that women lack ambition is belied by evidence showing that women are as committed to career advancement as men, with many aspiring for senior leadership roles. Systemic barriers, not capability, limit women's participation in leadership.",NGO + Fact-Checkers,women,"[141, 150, 151, 155]",8118.0,FC,https://fullfact.org/law/women-mps-pmqs/,"['https://developmenteducation.ie/wp-content/uploads/2021/03/Mythbuster-Womens-Rights-web.pdf', 'http://weforum.org/stories/2023/11/women-workplace-myths-debunked-2023/', 'http://weforum.org/stories/2023/11/women-workplace-myths-debunked-2023/', 'https://www.weforum.org/stories/2016/10/3-sexist-myths-about-men-s-and-women-s-brains-debunked/']","['2', '1', '2', '2']",0.06
2431,Women are just not fit for leadership roles. Look at the number of female MPs compared to men!,"The claim that women are not fit for leadership roles is not supported by the increasing representation of women in political office; as of now, women make up 32% of all MPs in the UK, with Labour boasting a higher proportion of 45%. Additionally, the gender split among the Great Offices of State is 50:50, demonstrating that women are not only participating in leadership but are also in significant positions of power.","The claim that women are not fit for leadership roles is not supported by the increasing representation of women in political office; as of now, women make up 32% of all MPs in the UK, with Labour boasting a higher proportion of 45%. Additionally, the gender split among the Great Offices of State is 50:50, demonstrating that women are not only participating in leadership but are also in significant positions of power.",Fact-Checkers,women,,8118.0,FC,https://fullfact.org/law/women-mps-pmqs/,,,0.0
2387,Women are just not fit for leadership roles. Look at the number of female MPs compared to men!,"It is important to recognize that while the representation of women in leadership roles may still be growing, women are more ambitious than ever and are actively seeking to take on leadership positions in various sectors. The barriers they face, such as the broken rung in promotions, illustrate that the potential for women to lead effectively is not in question; rather, it is society's responsibility to ensure equal opportunities for all.","While the representation of women in leadership roles may still be growing, women are more ambitious than ever and are actively seeking to take on leadership positions in various sectors. The barriers they face, such as the broken rung in promotions, illustrate that the potential for women to lead effectively is not in question; rather, it is society's responsibility to ensure equal opportunities for all.",NGO,women,"[141, 150, 151, 155]",,NGO,,"['https://developmenteducation.ie/wp-content/uploads/2021/03/Mythbuster-Womens-Rights-web.pdf', 'http://weforum.org/stories/2023/11/women-workplace-myths-debunked-2023/', 'http://weforum.org/stories/2023/11/women-workplace-myths-debunked-2023/', 'https://www.weforum.org/stories/2016/10/3-sexist-myths-about-men-s-and-women-s-brains-debunked/']","['2', '1', '2', '2']",0.099
2125,Women are softies! Can you believe that upskirting has become a crime in the UK because of them?,"It is important to recognize that upskirting is a non-consensual act that infringes on personal privacy and dignity, which is why there has been a push to make it a specific offense in England and Wales. The proposed legislation aims to strengthen existing laws and provide better protection for individuals against this form of harassment, demonstrating a commitment to addressing issues of consent and respect for personal boundaries.","It is important to recognize that upskirting is a non-consensual act that infringes on personal privacy and dignity, which is why there has been a push to make it a specific offense in England and Wales. The proposed legislation aims to strengthen existing laws and provide better protection for individuals against this form of harassment, demonstrating a commitment to addressing issues of consent and respect for personal boundaries. In some cases, offence of outraging public decency has to be witnessed by two or more other people.",Fact-Checkers,women,,7820.0,FC,https://fullfact.org/law/upskirting-whats-legal-situation/,,,0.265
2389,Women are softies! Can you believe that upskirting has become a crime in the UK because of them?,"It's important to recognize that women's advocacy against harmful practices like upskirting stems from a desire for safety and respect, not weakness. Such actions reflect a commitment to justice and equality, challenging harmful norms rather than reinforcing them.","Women's advocacy against harmful practices like upskirting stems from a desire for safety and respect, not weakness. Such actions reflect a commitment to justice and equality, challenging harmful norms rather than reinforcing them.",NGO,women,"[152, 160, 161]",,NGO,,"['http://weforum.org/stories/2023/11/women-workplace-myths-debunked-2023/', 'https://www.enar-eu.org/wp-content/uploads/debunkingmyths_lr_final.pdf', 'https://www.enar-eu.org/wp-content/uploads/debunkingmyths_lr_final.pdf']","['3', '4', '5']",0.158
2118,Women are softies! Can you believe that upskirting has become a crime in the UK because of them?,"It’s important to recognize that the movement to criminalize upskirting stems from a genuine need to protect individuals from violations of their privacy and dignity, not from any notion of women being ""softies."" Rather than belittling women's rights issues, we should acknowledge that this legislative change seeks to combat real harm and reflects society's commitment to respecting all individuals, regardless of gender.","It’s important not to underestimate this kind of aggression. It may seem small, but it has a big emotional impact on women. The movement to criminalize upskirting stems from a genuine need to protect individuals from violations of their privacy and dignity, not from any notion of women being ""softies."" Rather than belittling women's rights issues, we should acknowledge that this legislative change seeks to combat real harm and reflects society's commitment to respecting all individuals, regardless of gender.and more countries are taking it seriously in their laws: England, Wales, Scotland, Northern Ireland...",NGO + Fact-Checkers,women,"[152, 160, 161]",7820.0,NGO,https://fullfact.org/law/upskirting-whats-legal-situation/,"['http://weforum.org/stories/2023/11/women-workplace-myths-debunked-2023/', 'https://www.enar-eu.org/wp-content/uploads/debunkingmyths_lr_final.pdf', 'https://www.enar-eu.org/wp-content/uploads/debunkingmyths_lr_final.pdf']","['3', '4', '5']",0.565
2409,Women are using abortion as a form of birth control. There were over 8 million abortions in Britain just this year. That's disgusting!,"It's important to understand that the majority of women who seek abortions were using contraception at the time they conceived, highlighting that no method is foolproof and circumstances vary widely. Rather than viewing abortion as a form of birth control, we should recognize it as a necessary option for women facing complex, often difficult decisions regarding their health and future.","The majority of women who seek abortions were using contraception at the time they conceived, highlighting that no method is foolproof and circumstances vary widely. Rather than viewing abortion as a form of birth control, we should recognise it as a necessary option for women facing complex, often difficult decisions regarding their health and future.",NGO + Fact-Checkers,women,"[165, 166, 167, 171]",7645.0,NGO,https://fullfact.org/law/factchecking-campaigning-leaflets-abortion/,"['https://www.bpas.org/media/2nelmu3y/10-abortion-myths-booklet.pdf', 'https://www.bpas.org/media/2nelmu3y/10-abortion-myths-booklet.pdf', 'https://www.bpas.org/media/2nelmu3y/10-abortion-myths-booklet.pdf', 'https://www.bpas.org/media/2nelmu3y/10-abortion-myths-booklet.pdf']","['10', '9', '8', '3']",0.117
2136,Women are using abortion as a form of birth control. There were over 8 million abortions in Britain just this year. That's disgusting!,"The claim that women are using abortion as a form of birth control is misleading; the majority of abortions in England and Wales are performed due to risks to the mother's physical or mental health, as evidenced by 97% of the abortions in 2016 meeting this criterion. Furthermore, while there have been over 8.7 million abortions since 1967, the annual rates have remained relatively stable, with approximately 16 to 18 abortions for every 1,000 women aged 15 to","The claim that women are using abortion as a form of birth control is misleading; the majority of abortions in England and Wales are performed due to risks to the mother's physical or mental health, as evidenced by 97% of the abortions in 2016 meeting this criterion. Furthermore, while there have been over 8.7 million abortions since 1967, the annual rates have remained relatively stable, with approximately 16 to 18 abortions for every 1,000 women aged 15 to 44. ",Fact-Checkers,women,,7645.0,FC,https://fullfact.org/law/factchecking-campaigning-leaflets-abortion/,,,0.013
2377,Women are using abortion as a form of birth control. There were over 8 million abortions in Britain just this year. That's disgusting!,"It's important to recognize that abortion is a complex issue influenced by many factors, and the majority of women who have abortions were actually using contraception at the time they conceived. The circumstances surrounding each pregnancy are unique, and no woman aspires to undergo an abortion; instead, it serves as a necessary option for those facing unplanned pregnancies or medical complications.","Abortion is a complex issue influenced by many factors, and the majority of women who have abortions were using contraception at the time they conceived. The circumstances surrounding each pregnancy are unique, and no woman aspires to undergo an abortion; instead, it serves as a necessary option for those facing unplanned pregnancies or medical complications.",NGO,women,"[165, 166, 167, 171]",,NGO,,"['https://www.bpas.org/media/2nelmu3y/10-abortion-myths-booklet.pdf', 'https://www.bpas.org/media/2nelmu3y/10-abortion-myths-booklet.pdf', 'https://www.bpas.org/media/2nelmu3y/10-abortion-myths-booklet.pdf', 'https://www.bpas.org/media/2nelmu3y/10-abortion-myths-booklet.pdf']","['10', '9', '8', '3']",0.115
2129,Women get treated so much better than men! They get a whole year off when they have a kid while men just get two weeks. That's unfair!,"The assertion that women are treated better than men regarding parental leave overlooks the complexities of maternity and paternity policies. Women are entitled to up to 52 weeks of maternity leave, while men are limited to one or two weeks of paternity leave, and self-employed men do not qualify for any paternal leave or pay, which can create inequities in parental bonding and support.","The assertion that women are treated better than men regarding parental leave overlooks the complexities of maternity and paternity policies. Women are entitled to up to 52 weeks of maternity leave, while men are limited to one or two weeks of paternity leave, and self-employed men do not qualify for any paternal leave or pay, which can create inequities in parental bonding and support. But women can also exchange this for shared parental leave and pay for their partner, if he is employed and eligible. But they have to give up their maternity allowance to do so.",Fact-Checkers,women,,7677.0,FC,https://fullfact.org/economy/shared-parental-leave-self-employed-people/,,,0.516
2391,Women get treated so much better than men! They get a whole year off when they have a kid while men just get two weeks. That's unfair!,"It's important to recognize that while women may receive more maternity leave, this is a necessary support for their health and well-being during a critical time. Moreover, many women face significant challenges in balancing their careers and family responsibilities due to societal pressures and workplace barriers, which highlights the need for broader support systems for all parents, regardless of gender.","While women may receive more maternity leave, this is a necessary support for their health and well-being during a critical time. Moreover, many women face significant challenges in balancing their careers and family responsibilities due to societal pressures and workplace barriers, which highlights the need for broader support systems for all parents, regardless of gender.",NGO,women,"[140, 141, 142, 173]",,NGO,,"['https://developmenteducation.ie/wp-content/uploads/2021/03/Mythbuster-Womens-Rights-web.pdf', 'https://developmenteducation.ie/wp-content/uploads/2021/03/Mythbuster-Womens-Rights-web.pdf', 'https://developmenteducation.ie/wp-content/uploads/2021/03/Mythbuster-Womens-Rights-web.pdf', 'https://www.etf.europa.eu/sites/default/files/2025-02/4284289%20_etf_gender_leaflet_V3.pdf']","['1', '2', '3', '3']",0.1
2005,Women get treated so much better than men! They get a whole year off when they have a kid while men just get two weeks. That's unfair!,"It's important to recognize that while women can take up to a year off for maternity leave, there are many complexities surrounding this policy that can lead to significant challenges for both women and men. For instance, fathers often face barriers to accessing shared parental leave, which can limit their involvement in early childcare, and many women still face financial penalties and workplace discrimination when balancing employment and motherhood, highlighting ongoing inequalities rather than a clear advantage.","It's important to recognize that while women can take up to a year off for maternity leave, there are many complexities surrounding this policy that can lead to significant challenges for both women and men. For instance, fathers often face barriers to accessing shared parental leave, which can limit their involvement in early childcare, and many women still face financial penalties and workplace discrimination when balancing employment and motherhood, highlighting ongoing inequalities rather than a clear advantage.",NGO + Fact-Checkers,women,"[140, 141, 142, 173]",7677.0,NGO,https://fullfact.org/economy/shared-parental-leave-self-employed-people/,"['https://developmenteducation.ie/wp-content/uploads/2021/03/Mythbuster-Womens-Rights-web.pdf', 'https://developmenteducation.ie/wp-content/uploads/2021/03/Mythbuster-Womens-Rights-web.pdf', 'https://developmenteducation.ie/wp-content/uploads/2021/03/Mythbuster-Womens-Rights-web.pdf', 'https://www.etf.europa.eu/sites/default/files/2025-02/4284289%20_etf_gender_leaflet_V3.pdf']","['1', '2', '3', '3']",0.0
2392,"Women love to complain about domestic violence just to get attention. Sometimes they need to be put in their place: it’s not abuse, it’s discipline.","It is crucial to recognize that no one deserves to be subjected to violence, and the blame for abuse lies solely with the abuser. Many survivors of domestic violence face significant barriers in reporting their experiences, as fear of disbelief often silences their voices, and it is essential to support and believe those who come forward with their stories.","It is crucial to recognize that no one deserves to be subjected to violence, and the blame for abuse lies solely with the abuser. Many survivors of domestic violence face significant barriers in reporting their experiences, as fear of disbelief often silences their voices, and it is essential to support and believe those who come forward with their stories.",NGO,women,"[176, 179, 184, 189]",,NGO,,"['https://safeandequal.org.au/understanding-family-violence/myths/#', 'https://safeandequal.org.au/understanding-family-violence/myths/#', 'https://aasas.ca/wp-content/uploads/2022/05/Fact-Sheet_Debunking-Popular-Misconceptions-About-SV.pdf', 'https://rapecrisis.org.uk/get-informed/about-sexual-violence/myths-vs-realities/']","['3', '8', '5', '2']",0.0
1938,"Women love to complain about domestic violence just to get attention. Sometimes they need to be put in their place: it’s not abuse, it’s discipline.","It's important to recognize that no one deserves to be abused, and labeling domestic violence as discipline not only misrepresents the reality but also perpetuates harmful stereotypes. The truth is that domestic abuse affects millions, with an estimated 1.3 million women being victims in just one year, and the only responsible party for such violence is the abuser, not the victim.","It's important to recognize that no one deserves to be abused, and labeling domestic violence as discipline not only misrepresents the reality but also perpetuates harmful stereotypes. The truth is that domestic abuse affects millions, with an estimated 1.3 million women being victims in just one year, and the only responsible party for such violence is the abuser, not the victim.",NGO + Fact-Checkers,women,"[176, 179, 184, 189]",7703.0,NGO,https://fullfact.org/crime/sexual-and-domestic-abuse-england-wales-and-scotland/,"['https://safeandequal.org.au/understanding-family-violence/myths/#', 'https://safeandequal.org.au/understanding-family-violence/myths/#', 'https://aasas.ca/wp-content/uploads/2022/05/Fact-Sheet_Debunking-Popular-Misconceptions-About-SV.pdf', 'https://rapecrisis.org.uk/get-informed/about-sexual-violence/myths-vs-realities/']","['3', '8', '5', '2']",0.0
2132,"Women love to complain about domestic violence just to get attention. Sometimes they need to be put in their place: it’s not abuse, it’s discipline.","Domestic violence is a serious issue that affects millions of individuals, with an estimated 1.3 million women being victims of domestic abuse in England and Wales alone during 2015/16. It is crucial to recognize that abuse is not a form of discipline; rather, it encompasses a range of harmful behaviors, including physical violence, emotional manipulation, and financial control.","Domestic violence is a serious issue that affects millions of individuals, with an estimated 1.3 million women being victims of domestic abuse in England and Wales alone during 2015/16. It is crucial to recognize that abuse is not a form of discipline; rather, it encompasses a range of harmful behaviors, including physical violence, emotional manipulation, and financial control.",Fact-Checkers,women,,7703.0,FC,https://fullfact.org/crime/sexual-and-domestic-abuse-england-wales-and-scotland/,,,0.0
2033,"Women shouldn't be allowed to drink alcohol, even the WHO said it. That's so inappropriate and vulgar for them!","It's important to recognize that every individual, regardless of gender, has the right to make personal choices, including the decision to consume alcohol. Moreover, blaming women for their choices or experiences only perpetuates harmful stereotypes and ignores the fundamental truth that violence and assault are committed solely by the perpetrators, never the victims.","It's important to recognize that every individual, regardless of gender, has the right to make personal choices, including the decision to consume alcohol. Moreover, blaming women for their choices or experiences only perpetuates harmful stereotypes and ignores the fundamental truth that violence and assault are committed solely by the perpetrators, never the victims.",NGO,women,"[142, 188]",,NGO,,"['https://developmenteducation.ie/wp-content/uploads/2021/03/Mythbuster-Womens-Rights-web.pdf', 'https://rapecrisis.org.uk/get-informed/about-sexual-violence/myths-vs-realities/']","['3', '1']",0.0
2569,"Women shouldn't be allowed to drink alcohol, even the WHO said it. That's so inappropriate and vulgar for them!","The claim that the WHO has banned women from drinking alcohol is a misinterpretation of their guidelines. The WHO's draft emphasizes preventative measures regarding alcohol consumption, particularly among pregnant women and those of childbearing age, but does not recommend abstinence for all women in that category, focusing instead on raising awareness of the risks associated with drinking during pregnancy.","The claim that the WHO has banned women from drinking alcohol is a misinterpretation of their guidelines. The WHO's draft emphasizes preventative measures regarding alcohol consumption, particularly among pregnant women and those of childbearing age, but does not recommend abstinence for all women in that category, focusing instead on raising awareness of the risks associated with drinking during pregnancy.",Fact-Checkers,women,,7784.0,FC,https://fullfact.org/health/who-alcohol-women/,,,0.0
2445,"Women shouldn't be allowed to drink alcohol, even the WHO said it. That's so inappropriate and vulgar for them!","It's important to clarify that the WHO does not ban women of childbearing age from drinking alcohol, but rather emphasizes preventative measures regarding alcohol consumption and its potential risks during pregnancy. Additionally, while societal norms may create pressure around women's behavior, it's crucial to recognize that all individuals, regardless of gender, deserve respect and autonomy over their choices without facing stigma or blame.","It's important to clarify that the WHO does not ban women of childbearing age from drinking alcohol, but rather emphasizes preventative measures regarding alcohol consumption and its potential risks during pregnancy. What is more, the current draft of WHO's global action plan does not recommend abstinence of all women who are of an age at which they could become pregnant. Additionally, while societal norms may create pressure around women's behavior, it's crucial to recognize that all individuals, regardless of gender, deserve respect and autonomy over their choices without facing stigma or blame.",NGO + Fact-Checkers,women,"[142, 188]",7784.0,FC,https://fullfact.org/health/who-alcohol-women/,"['https://developmenteducation.ie/wp-content/uploads/2021/03/Mythbuster-Womens-Rights-web.pdf', 'https://rapecrisis.org.uk/get-informed/about-sexual-violence/myths-vs-realities/']","['3', '1']",0.46
